INSERT INTO products(id,productName,category,fullPrice,salePrice,availability,supplier) VALUES (1,'Scotch',6,46.50,35.26,1,1);
INSERT INTO products(id,productName,category,fullPrice,salePrice,availability,supplier) VALUES (2,'Post-it',6,99.28,31.56,1,1);
INSERT INTO products(id,productName,category,fullPrice,salePrice,availability,supplier) VALUES (3,'Scotch-brite',6,42.54,49.35,1,1);
INSERT INTO products(id,productName,category,fullPrice,salePrice,availability,supplier) VALUES (4,'Command',6,36.36,44.30,1,1);
INSERT INTO products(id,productName,category,fullPrice,salePrice,availability,supplier) VALUES (5,'Futuro',6,72.22,78.86,1,1);
INSERT INTO products(id,productName,category,fullPrice,salePrice,availability,supplier) VALUES (6,'Nexcare',6,97.84,33.78,1,1);
INSERT INTO products(id,productName,category,fullPrice,salePrice,availability,supplier) VALUES (7,'3m',6,49.68,48.11,0,1);
INSERT INTO products(id,productName,category,fullPrice,salePrice,availability,supplier) VALUES (8,'O-cel-o',6,79.99,26.32,1,1);
INSERT INTO products(id,productName,category,fullPrice,salePrice,availability,supplier) VALUES (9,'Scotchgard',6,10.30,54.52,1,1);
INSERT INTO products(id,productName,category,fullPrice,salePrice,availability,supplier) VALUES (10,'Scotch-gard',6,97.48,12.98,1,1);
INSERT INTO products(id,productName,category,fullPrice,salePrice,availability,supplier) VALUES (11,'Tartan',6,44.15,60.60,0,1);
INSERT INTO products(id,productName,category,fullPrice,salePrice,availability,supplier) VALUES (12,'Abbott',5,58.35,20.80,1,2);
INSERT INTO products(id,productName,category,fullPrice,salePrice,availability,supplier) VALUES (13,'Blink-n-clean',5,12.35,14.21,0,2);
INSERT INTO products(id,productName,category,fullPrice,salePrice,availability,supplier) VALUES (14,'Revitalens',5,5.52,17.32,0,2);
INSERT INTO products(id,productName,category,fullPrice,salePrice,availability,supplier) VALUES (15,'Oxysept',5,69.86,48.92,0,2);
INSERT INTO products(id,productName,category,fullPrice,salePrice,availability,supplier) VALUES (16,'Eas',5,68.14,23.37,0,3);
INSERT INTO products(id,productName,category,fullPrice,salePrice,availability,supplier) VALUES (17,'Ensure',5,9.62,3.25,0,3);
INSERT INTO products(id,productName,category,fullPrice,salePrice,availability,supplier) VALUES (18,'Zone Perfect',5,0.70,56.29,1,3);
INSERT INTO products(id,productName,category,fullPrice,salePrice,availability,supplier) VALUES (19,'Pediasure',5,29.33,88.55,1,3);
INSERT INTO products(id,productName,category,fullPrice,salePrice,availability,supplier) VALUES (20,'Glucerna',5,57.21,92.23,1,3);
INSERT INTO products(id,productName,category,fullPrice,salePrice,availability,supplier) VALUES (21,'Similac',5,4.10,9.53,1,3);
INSERT INTO products(id,productName,category,fullPrice,salePrice,availability,supplier) VALUES (22,'Blink',5,86.38,90.19,1,3);
INSERT INTO products(id,productName,category,fullPrice,salePrice,availability,supplier) VALUES (23,'Pedialyte',5,5.40,94.72,0,3);
INSERT INTO products(id,productName,category,fullPrice,salePrice,availability,supplier) VALUES (24,'Similac Advance',5,12.13,26.92,0,3);
INSERT INTO products(id,productName,category,fullPrice,salePrice,availability,supplier) VALUES (25,'Perfectly Simple',5,99.38,15.65,0,3);
INSERT INTO products(id,productName,category,fullPrice,salePrice,availability,supplier) VALUES (26,'Similac Sensitive',5,1.17,45.25,0,3);
INSERT INTO products(id,productName,category,fullPrice,salePrice,availability,supplier) VALUES (27,'Juven',5,89.11,65.47,0,3);
INSERT INTO products(id,productName,category,fullPrice,salePrice,availability,supplier) VALUES (28,'Kidz Zone Perfect',5,96.16,74.47,1,3);
INSERT INTO products(id,productName,category,fullPrice,salePrice,availability,supplier) VALUES (29,'Similac Advance Earlyshield',5,45.51,50.50,0,3);
INSERT INTO products(id,productName,category,fullPrice,salePrice,availability,supplier) VALUES (30,'Similac Alimentum',5,25.68,51.93,1,3);
INSERT INTO products(id,productName,category,fullPrice,salePrice,availability,supplier) VALUES (31,'Weber',3,95.48,85.93,1,4);
INSERT INTO products(id,productName,category,fullPrice,salePrice,availability,supplier) VALUES (32,'Spice Islands',3,70.55,26.36,0,4);
INSERT INTO products(id,productName,category,fullPrice,salePrice,availability,supplier) VALUES (33,'Patak''s',3,81.66,9.07,1,4);
INSERT INTO products(id,productName,category,fullPrice,salePrice,availability,supplier) VALUES (34,'Fleishmann''s',3,32.88,43.86,0,4);
INSERT INTO products(id,productName,category,fullPrice,salePrice,availability,supplier) VALUES (35,'Mazola',3,94.06,11.92,0,4);
INSERT INTO products(id,productName,category,fullPrice,salePrice,availability,supplier) VALUES (36,'Dromedary',3,46.35,95.23,1,4);
INSERT INTO products(id,productName,category,fullPrice,salePrice,availability,supplier) VALUES (37,'Argo',3,23.20,47.64,1,4);
INSERT INTO products(id,productName,category,fullPrice,salePrice,availability,supplier) VALUES (38,'Karo',3,50.07,97.92,0,4);
INSERT INTO products(id,productName,category,fullPrice,salePrice,availability,supplier) VALUES (39,'Henri''s',3,96.27,86.56,0,4);
INSERT INTO products(id,productName,category,fullPrice,salePrice,availability,supplier) VALUES (40,'Acme Smoked Fish',3,17.58,86.01,0,5);
INSERT INTO products(id,productName,category,fullPrice,salePrice,availability,supplier) VALUES (41,'Blue Hill Bay',3,18.17,72.06,1,5);
INSERT INTO products(id,productName,category,fullPrice,salePrice,availability,supplier) VALUES (42,'Marco Polo',7,4.60,27.37,0,6);
INSERT INTO products(id,productName,category,fullPrice,salePrice,availability,supplier) VALUES (43,'Kras',7,14.74,5.24,1,6);
INSERT INTO products(id,productName,category,fullPrice,salePrice,availability,supplier) VALUES (44,'Radenska',7,55.77,61.24,1,6);
INSERT INTO products(id,productName,category,fullPrice,salePrice,availability,supplier) VALUES (45,'Kelemen',7,40.80,97.94,0,6);
INSERT INTO products(id,productName,category,fullPrice,salePrice,availability,supplier) VALUES (46,'Cantu',2,44.96,31.96,0,7);
INSERT INTO products(id,productName,category,fullPrice,salePrice,availability,supplier) VALUES (47,'Dr. Teal''s',2,94.66,78.29,0,7);
INSERT INTO products(id,productName,category,fullPrice,salePrice,availability,supplier) VALUES (48,'Dr Teal''s',2,25.86,27.41,1,7);
INSERT INTO products(id,productName,category,fullPrice,salePrice,availability,supplier) VALUES (49,'Ahold',3,42.55,26.44,0,8);
INSERT INTO products(id,productName,category,fullPrice,salePrice,availability,supplier) VALUES (50,'Careone',3,44.97,98.87,0,8);
INSERT INTO products(id,productName,category,fullPrice,salePrice,availability,supplier) VALUES (51,'Nature''s Promise',3,61.85,32.59,0,8);
INSERT INTO products(id,productName,category,fullPrice,salePrice,availability,supplier) VALUES (52,'Smart Living',3,76.84,18.30,1,8);
INSERT INTO products(id,productName,category,fullPrice,salePrice,availability,supplier) VALUES (53,'Companion',3,77.29,68.19,1,8);
INSERT INTO products(id,productName,category,fullPrice,salePrice,availability,supplier) VALUES (54,'Guaranteed Value',3,37.09,27.74,1,8);
INSERT INTO products(id,productName,category,fullPrice,salePrice,availability,supplier) VALUES (55,'Simply Enjoy',3,62.46,92.57,1,8);
INSERT INTO products(id,productName,category,fullPrice,salePrice,availability,supplier) VALUES (56,'Cottontails',3,87.47,15.47,1,8);
INSERT INTO products(id,productName,category,fullPrice,salePrice,availability,supplier) VALUES (57,'Giant',3,98.55,24.04,0,8);
INSERT INTO products(id,productName,category,fullPrice,salePrice,availability,supplier) VALUES (58,'Pure Power',3,76.68,69.31,0,8);
INSERT INTO products(id,productName,category,fullPrice,salePrice,availability,supplier) VALUES (59,'Acadia',3,40.75,72.46,1,8);
INSERT INTO products(id,productName,category,fullPrice,salePrice,availability,supplier) VALUES (60,'Stop & Shop',3,51.15,8.70,1,8);
INSERT INTO products(id,productName,category,fullPrice,salePrice,availability,supplier) VALUES (61,'S&s Brands, Inc.',3,81.77,25.18,0,8);
INSERT INTO products(id,productName,category,fullPrice,salePrice,availability,supplier) VALUES (62,'Bakery',3,91.53,66.85,0,8);
INSERT INTO products(id,productName,category,fullPrice,salePrice,availability,supplier) VALUES (63,'Pure Softness',3,80.61,78.40,0,8);
INSERT INTO products(id,productName,category,fullPrice,salePrice,availability,supplier) VALUES (64,'Javana',3,1.73,39.40,1,8);
INSERT INTO products(id,productName,category,fullPrice,salePrice,availability,supplier) VALUES (65,'Jewel',3,35.85,98.73,1,8);
INSERT INTO products(id,productName,category,fullPrice,salePrice,availability,supplier) VALUES (66,'Micasa',3,69.15,91.85,0,8);
INSERT INTO products(id,productName,category,fullPrice,salePrice,availability,supplier) VALUES (67,'Mi Casa',3,24.01,16.11,0,8);
INSERT INTO products(id,productName,category,fullPrice,salePrice,availability,supplier) VALUES (68,'Apple O''s',3,9.70,28.36,0,8);
INSERT INTO products(id,productName,category,fullPrice,salePrice,availability,supplier) VALUES (69,'Cocoa Magic',3,66.44,81.82,1,8);
INSERT INTO products(id,productName,category,fullPrice,salePrice,availability,supplier) VALUES (70,'Aidells',3,19.14,94.54,0,9);
INSERT INTO products(id,productName,category,fullPrice,salePrice,availability,supplier) VALUES (71,'Chef Bruce Aidells',3,87.55,49.69,0,9);
INSERT INTO products(id,productName,category,fullPrice,salePrice,availability,supplier) VALUES (72,'Motions',1,71.16,54.02,1,10);
INSERT INTO products(id,productName,category,fullPrice,salePrice,availability,supplier) VALUES (73,'Tresemme',2,41.00,62.44,1,10);
INSERT INTO products(id,productName,category,fullPrice,salePrice,availability,supplier) VALUES (74,'Simple',5,93.78,75.60,1,10);
INSERT INTO products(id,productName,category,fullPrice,salePrice,availability,supplier) VALUES (75,'Noxzema',5,52.33,63.60,1,10);
INSERT INTO products(id,productName,category,fullPrice,salePrice,availability,supplier) VALUES (76,'Consort',6,48.48,67.21,0,10);
INSERT INTO products(id,productName,category,fullPrice,salePrice,availability,supplier) VALUES (77,'Static Guard',6,74.65,74.53,0,10);
INSERT INTO products(id,productName,category,fullPrice,salePrice,availability,supplier) VALUES (78,'Soft & Beautiful',6,47.77,5.92,1,10);
INSERT INTO products(id,productName,category,fullPrice,salePrice,availability,supplier) VALUES (79,'Molly Mcbutter',6,44.64,36.00,0,10);
INSERT INTO products(id,productName,category,fullPrice,salePrice,availability,supplier) VALUES (80,'Opti-free',5,21.25,54.70,0,11);
INSERT INTO products(id,productName,category,fullPrice,salePrice,availability,supplier) VALUES (81,'Systane',5,23.65,67.27,0,11);
INSERT INTO products(id,productName,category,fullPrice,salePrice,availability,supplier) VALUES (82,'Genteal',5,46.51,8.66,1,11);
INSERT INTO products(id,productName,category,fullPrice,salePrice,availability,supplier) VALUES (83,'Zaditor',5,39.20,44.62,1,11);
INSERT INTO products(id,productName,category,fullPrice,salePrice,availability,supplier) VALUES (84,'Opti-choice',5,49.47,98.90,0,11);
INSERT INTO products(id,productName,category,fullPrice,salePrice,availability,supplier) VALUES (85,'I-caps',5,42.12,76.32,0,11);
INSERT INTO products(id,productName,category,fullPrice,salePrice,availability,supplier) VALUES (86,'Tears Naturale Ii',5,43.16,62.11,0,11);
INSERT INTO products(id,productName,category,fullPrice,salePrice,availability,supplier) VALUES (87,'Naphcon A',5,9.89,22.55,1,11);
INSERT INTO products(id,productName,category,fullPrice,salePrice,availability,supplier) VALUES (88,'Mrs Dash',3,36.94,26.39,0,12);
INSERT INTO products(id,productName,category,fullPrice,salePrice,availability,supplier) VALUES (89,'Polaner',3,78.59,5.76,1,12);
INSERT INTO products(id,productName,category,fullPrice,salePrice,availability,supplier) VALUES (90,'Maple Grove Farms Of Vermont',3,53.71,16.39,0,12);
INSERT INTO products(id,productName,category,fullPrice,salePrice,availability,supplier) VALUES (91,'Ortega',3,76.53,74.85,1,12);
INSERT INTO products(id,productName,category,fullPrice,salePrice,availability,supplier) VALUES (92,'Vermont',3,39.99,31.60,1,12);
INSERT INTO products(id,productName,category,fullPrice,salePrice,availability,supplier) VALUES (93,'Emeril''s',3,92.34,33.20,1,12);
INSERT INTO products(id,productName,category,fullPrice,salePrice,availability,supplier) VALUES (94,'B&m',3,83.73,95.71,0,12);
INSERT INTO products(id,productName,category,fullPrice,salePrice,availability,supplier) VALUES (95,'B&g',3,71.27,52.11,1,12);
INSERT INTO products(id,productName,category,fullPrice,salePrice,availability,supplier) VALUES (96,'Wright''s',3,58.55,60.87,1,12);
INSERT INTO products(id,productName,category,fullPrice,salePrice,availability,supplier) VALUES (97,'Accent',3,83.23,85.76,1,12);
INSERT INTO products(id,productName,category,fullPrice,salePrice,availability,supplier) VALUES (98,'Joan Of Arc',3,5.32,11.21,0,12);
INSERT INTO products(id,productName,category,fullPrice,salePrice,availability,supplier) VALUES (99,'Crock-pot',3,61.91,87.72,0,12);
INSERT INTO products(id,productName,category,fullPrice,salePrice,availability,supplier) VALUES (100,'Maple Grove Farms',3,47.29,53.58,0,12);
INSERT INTO products(id,productName,category,fullPrice,salePrice,availability,supplier) VALUES (101,'Brer Rabbit',3,17.31,26.32,0,12);
INSERT INTO products(id,productName,category,fullPrice,salePrice,availability,supplier) VALUES (102,'Regina',3,5.67,15.24,1,12);
INSERT INTO products(id,productName,category,fullPrice,salePrice,availability,supplier) VALUES (103,'Underwood',3,70.53,55.03,0,12);
INSERT INTO products(id,productName,category,fullPrice,salePrice,availability,supplier) VALUES (104,'Vermont Maid',3,89.21,43.02,0,12);
INSERT INTO products(id,productName,category,fullPrice,salePrice,availability,supplier) VALUES (105,'Mrs. Fanning''s',3,18.43,2.07,1,12);
INSERT INTO products(id,productName,category,fullPrice,salePrice,availability,supplier) VALUES (106,'Cream Of Rice',3,31.62,58.91,0,12);
INSERT INTO products(id,productName,category,fullPrice,salePrice,availability,supplier) VALUES (107,'Don Pepino',3,77.93,24.65,0,12);
INSERT INTO products(id,productName,category,fullPrice,salePrice,availability,supplier) VALUES (108,'Shed Guard',3,58.50,80.00,0,12);
INSERT INTO products(id,productName,category,fullPrice,salePrice,availability,supplier) VALUES (109,'Boston',5,75.00,69.51,0,13);
INSERT INTO products(id,productName,category,fullPrice,salePrice,availability,supplier) VALUES (110,'Ocuvite',5,94.34,84.25,1,13);
INSERT INTO products(id,productName,category,fullPrice,salePrice,availability,supplier) VALUES (111,'Renu',5,96.73,53.08,0,13);
INSERT INTO products(id,productName,category,fullPrice,salePrice,availability,supplier) VALUES (112,'Eye Relief',5,30.22,39.86,0,13);
INSERT INTO products(id,productName,category,fullPrice,salePrice,availability,supplier) VALUES (113,'Collyrium',5,15.96,53.47,1,13);
INSERT INTO products(id,productName,category,fullPrice,salePrice,availability,supplier) VALUES (114,'Bausch + Lomb',5,54.81,56.45,1,14);
INSERT INTO products(id,productName,category,fullPrice,salePrice,availability,supplier) VALUES (115,'Preservision',5,60.93,16.38,0,14);
INSERT INTO products(id,productName,category,fullPrice,salePrice,availability,supplier) VALUES (116,'Alaway',5,42.97,16.91,1,14);
INSERT INTO products(id,productName,category,fullPrice,salePrice,availability,supplier) VALUES (117,'Sensitive Eyes',5,47.58,71.74,1,14);
INSERT INTO products(id,productName,category,fullPrice,salePrice,availability,supplier) VALUES (118,'Opcon-a',5,88.26,37.34,1,14);
INSERT INTO products(id,productName,category,fullPrice,salePrice,availability,supplier) VALUES (119,'Bio True',5,81.66,77.44,0,14);
INSERT INTO products(id,productName,category,fullPrice,salePrice,availability,supplier) VALUES (120,'Advanced Eye Relief',5,6.26,79.22,0,14);
INSERT INTO products(id,productName,category,fullPrice,salePrice,availability,supplier) VALUES (121,'One A Day',5,24.77,62.31,1,15);
INSERT INTO products(id,productName,category,fullPrice,salePrice,availability,supplier) VALUES (122,'Bayer',5,39.57,10.91,1,15);
INSERT INTO products(id,productName,category,fullPrice,salePrice,availability,supplier) VALUES (123,'Alka-seltzer Plus',5,57.82,88.09,0,15);
INSERT INTO products(id,productName,category,fullPrice,salePrice,availability,supplier) VALUES (124,'Aleve',5,49.72,53.58,1,15);
INSERT INTO products(id,productName,category,fullPrice,salePrice,availability,supplier) VALUES (125,'Flintstones',5,69.78,19.86,0,15);
INSERT INTO products(id,productName,category,fullPrice,salePrice,availability,supplier) VALUES (126,'Alka-seltzer',5,84.16,64.42,0,15);
INSERT INTO products(id,productName,category,fullPrice,salePrice,availability,supplier) VALUES (127,'Citracal',5,6.56,30.00,1,15);
INSERT INTO products(id,productName,category,fullPrice,salePrice,availability,supplier) VALUES (128,'Midol',5,19.68,43.46,0,15);
INSERT INTO products(id,productName,category,fullPrice,salePrice,availability,supplier) VALUES (129,'Rid',5,60.61,64.26,1,15);
INSERT INTO products(id,productName,category,fullPrice,salePrice,availability,supplier) VALUES (130,'Berocca',5,88.33,53.17,0,15);
INSERT INTO products(id,productName,category,fullPrice,salePrice,availability,supplier) VALUES (131,'Neo Synephrine',5,99.91,18.48,1,15);
INSERT INTO products(id,productName,category,fullPrice,salePrice,availability,supplier) VALUES (132,'Trubiotics',5,68.80,23.14,1,15);
INSERT INTO products(id,productName,category,fullPrice,salePrice,availability,supplier) VALUES (133,'Bactine',5,59.51,66.30,0,15);
INSERT INTO products(id,productName,category,fullPrice,salePrice,availability,supplier) VALUES (134,'Campho-phenique',5,27.53,40.06,0,15);
INSERT INTO products(id,productName,category,fullPrice,salePrice,availability,supplier) VALUES (135,'Menstridol',5,15.00,42.78,1,15);
INSERT INTO products(id,productName,category,fullPrice,salePrice,availability,supplier) VALUES (136,'Alka-seltzer Plus-d',5,15.82,49.04,0,15);
INSERT INTO products(id,productName,category,fullPrice,salePrice,availability,supplier) VALUES (137,'Domeboro',5,43.02,61.79,1,15);
INSERT INTO products(id,productName,category,fullPrice,salePrice,availability,supplier) VALUES (138,'Imagine Ink',6,7.19,79.09,0,16);
INSERT INTO products(id,productName,category,fullPrice,salePrice,availability,supplier) VALUES (139,'Batman',6,58.68,4.06,1,16);
INSERT INTO products(id,productName,category,fullPrice,salePrice,availability,supplier) VALUES (140,'My Little Pony',6,11.91,40.91,1,16);
INSERT INTO products(id,productName,category,fullPrice,salePrice,availability,supplier) VALUES (141,'Spider-man',6,65.42,84.83,0,16);
INSERT INTO products(id,productName,category,fullPrice,salePrice,availability,supplier) VALUES (142,'Bic',6,68.76,64.16,0,17);
INSERT INTO products(id,productName,category,fullPrice,salePrice,availability,supplier) VALUES (143,'Wite-out',6,31.79,77.02,1,17);
INSERT INTO products(id,productName,category,fullPrice,salePrice,availability,supplier) VALUES (144,'Sunbeam',3,28.38,16.80,0,18);
INSERT INTO products(id,productName,category,fullPrice,salePrice,availability,supplier) VALUES (145,'Boboli',3,28.26,7.75,1,18);
INSERT INTO products(id,productName,category,fullPrice,salePrice,availability,supplier) VALUES (146,'Bimbo',3,69.82,75.48,1,18);
INSERT INTO products(id,productName,category,fullPrice,salePrice,availability,supplier) VALUES (147,'Freihofer''s',3,96.48,68.92,1,18);
INSERT INTO products(id,productName,category,fullPrice,salePrice,availability,supplier) VALUES (148,'J.j. Nissen',3,84.29,18.85,0,18);
INSERT INTO products(id,productName,category,fullPrice,salePrice,availability,supplier) VALUES (149,'Williams Country Store',3,9.10,36.00,0,19);
INSERT INTO products(id,productName,category,fullPrice,salePrice,availability,supplier) VALUES (150,'Sun-bird',3,68.07,51.23,1,19);
INSERT INTO products(id,productName,category,fullPrice,salePrice,availability,supplier) VALUES (151,'Pioneer Brand',3,7.58,41.32,1,19);
INSERT INTO products(id,productName,category,fullPrice,salePrice,availability,supplier) VALUES (152,'Campbell''s',3,64.99,45.77,1,20);
INSERT INTO products(id,productName,category,fullPrice,salePrice,availability,supplier) VALUES (153,'Campbell''s Chunky',3,44.83,18.08,0,20);
INSERT INTO products(id,productName,category,fullPrice,salePrice,availability,supplier) VALUES (154,'V8',3,85.48,93.80,0,20);
INSERT INTO products(id,productName,category,fullPrice,salePrice,availability,supplier) VALUES (155,'Prego',3,14.50,95.05,1,20);
INSERT INTO products(id,productName,category,fullPrice,salePrice,availability,supplier) VALUES (156,'Swanson',3,78.69,4.39,0,20);
INSERT INTO products(id,productName,category,fullPrice,salePrice,availability,supplier) VALUES (157,'Campbell''s Select Harvest',3,85.93,61.25,1,20);
INSERT INTO products(id,productName,category,fullPrice,salePrice,availability,supplier) VALUES (158,'V-fusion',3,21.73,51.94,0,20);
INSERT INTO products(id,productName,category,fullPrice,salePrice,availability,supplier) VALUES (159,'V8 Splash',3,92.88,38.21,1,20);
INSERT INTO products(id,productName,category,fullPrice,salePrice,availability,supplier) VALUES (160,'Campbell''s Go',3,68.28,9.35,0,20);
INSERT INTO products(id,productName,category,fullPrice,salePrice,availability,supplier) VALUES (161,'Campbell''s Healthy Request',3,53.18,0.99,0,20);
INSERT INTO products(id,productName,category,fullPrice,salePrice,availability,supplier) VALUES (162,'Slow Kettle',3,56.68,45.21,0,20);
INSERT INTO products(id,productName,category,fullPrice,salePrice,availability,supplier) VALUES (163,'Spaghettios',3,39.86,19.20,1,20);
INSERT INTO products(id,productName,category,fullPrice,salePrice,availability,supplier) VALUES (164,'Chunky',3,29.20,25.87,1,20);
INSERT INTO products(id,productName,category,fullPrice,salePrice,availability,supplier) VALUES (165,'Campbell''s Soup At Hand',3,26.60,56.83,1,20);
INSERT INTO products(id,productName,category,fullPrice,salePrice,availability,supplier) VALUES (166,'Nutra Nail',6,34.57,47.96,0,21);
INSERT INTO products(id,productName,category,fullPrice,salePrice,availability,supplier) VALUES (167,'Plus White',6,25.69,89.31,1,21);
INSERT INTO products(id,productName,category,fullPrice,salePrice,availability,supplier) VALUES (168,'Mega-t',6,95.13,6.07,1,21);
INSERT INTO products(id,productName,category,fullPrice,salePrice,availability,supplier) VALUES (169,'Scar Zone',6,20.09,14.30,1,21);
INSERT INTO products(id,productName,category,fullPrice,salePrice,availability,supplier) VALUES (170,'Sudden Change',6,42.00,49.18,1,21);
INSERT INTO products(id,productName,category,fullPrice,salePrice,availability,supplier) VALUES (171,'Bikini Zone',6,83.24,42.18,1,21);
INSERT INTO products(id,productName,category,fullPrice,salePrice,availability,supplier) VALUES (172,'Solar Sense',6,14.76,68.76,1,21);
INSERT INTO products(id,productName,category,fullPrice,salePrice,availability,supplier) VALUES (173,'Gold Bond',5,89.91,49.63,1,22);
INSERT INTO products(id,productName,category,fullPrice,salePrice,availability,supplier) VALUES (174,'Act',5,91.25,2.59,0,22);
INSERT INTO products(id,productName,category,fullPrice,salePrice,availability,supplier) VALUES (175,'Icy Hot',5,28.45,71.81,0,22);
INSERT INTO products(id,productName,category,fullPrice,salePrice,availability,supplier) VALUES (176,'Cortizone-10',5,27.74,69.51,0,22);
INSERT INTO products(id,productName,category,fullPrice,salePrice,availability,supplier) VALUES (177,'Rolaids',5,90.73,83.35,0,22);
INSERT INTO products(id,productName,category,fullPrice,salePrice,availability,supplier) VALUES (178,'Allegra',5,11.24,77.88,0,22);
INSERT INTO products(id,productName,category,fullPrice,salePrice,availability,supplier) VALUES (179,'Unisom',5,13.23,53.38,0,22);
INSERT INTO products(id,productName,category,fullPrice,salePrice,availability,supplier) VALUES (180,'Selsun Blue',5,13.72,6.11,1,22);
INSERT INTO products(id,productName,category,fullPrice,salePrice,availability,supplier) VALUES (181,'Allegra-d',5,75.72,52.20,0,22);
INSERT INTO products(id,productName,category,fullPrice,salePrice,availability,supplier) VALUES (182,'Balmex',5,99.19,90.57,0,22);
INSERT INTO products(id,productName,category,fullPrice,salePrice,availability,supplier) VALUES (183,'Kaopectate',5,35.05,92.79,0,22);
INSERT INTO products(id,productName,category,fullPrice,salePrice,availability,supplier) VALUES (184,'Bull Frog',5,22.40,80.24,1,22);
INSERT INTO products(id,productName,category,fullPrice,salePrice,availability,supplier) VALUES (185,'Nasacort',5,9.01,68.54,1,22);
INSERT INTO products(id,productName,category,fullPrice,salePrice,availability,supplier) VALUES (186,'Pamprin',5,98.57,47.63,0,22);
INSERT INTO products(id,productName,category,fullPrice,salePrice,availability,supplier) VALUES (187,'Children''s Allegra',5,54.17,91.40,1,22);
INSERT INTO products(id,productName,category,fullPrice,salePrice,availability,supplier) VALUES (188,'Aspercreme',5,38.12,19.74,1,22);
INSERT INTO products(id,productName,category,fullPrice,salePrice,availability,supplier) VALUES (189,'Ultra Swim',5,19.00,66.05,1,22);
INSERT INTO products(id,productName,category,fullPrice,salePrice,availability,supplier) VALUES (190,'Sun In',5,99.91,62.20,1,22);
INSERT INTO products(id,productName,category,fullPrice,salePrice,availability,supplier) VALUES (191,'Capzasin',5,71.08,63.61,0,22);
INSERT INTO products(id,productName,category,fullPrice,salePrice,availability,supplier) VALUES (192,'Gold Bond Ultimate',5,96.96,49.13,0,22);
INSERT INTO products(id,productName,category,fullPrice,salePrice,availability,supplier) VALUES (193,'Herpecin L',5,46.96,30.36,1,22);
INSERT INTO products(id,productName,category,fullPrice,salePrice,availability,supplier) VALUES (194,'Premsyn',5,65.97,72.02,1,22);
INSERT INTO products(id,productName,category,fullPrice,salePrice,availability,supplier) VALUES (195,'Arm & Hammer',5,22.91,39.37,0,23);
INSERT INTO products(id,productName,category,fullPrice,salePrice,availability,supplier) VALUES (196,'Trojan',5,54.85,14.12,0,23);
INSERT INTO products(id,productName,category,fullPrice,salePrice,availability,supplier) VALUES (197,'Oxi Clean',5,12.23,96.31,0,23);
INSERT INTO products(id,productName,category,fullPrice,salePrice,availability,supplier) VALUES (198,'Nair',5,22.85,51.62,0,23);
INSERT INTO products(id,productName,category,fullPrice,salePrice,availability,supplier) VALUES (199,'Xtra',5,6.53,81.14,1,23);
INSERT INTO products(id,productName,category,fullPrice,salePrice,availability,supplier) VALUES (200,'Arrid',5,72.84,54.24,1,23);
INSERT INTO products(id,productName,category,fullPrice,salePrice,availability,supplier) VALUES (201,'Simply Saline',5,75.66,31.43,0,23);
INSERT INTO products(id,productName,category,fullPrice,salePrice,availability,supplier) VALUES (202,'First Response',5,11.79,1.29,1,23);
INSERT INTO products(id,productName,category,fullPrice,salePrice,availability,supplier) VALUES (203,'Kaboom',5,52.50,96.37,1,23);
INSERT INTO products(id,productName,category,fullPrice,salePrice,availability,supplier) VALUES (204,'Spinbrush',5,95.70,20.98,0,23);
INSERT INTO products(id,productName,category,fullPrice,salePrice,availability,supplier) VALUES (205,'Answer',5,56.60,89.56,1,23);
INSERT INTO products(id,productName,category,fullPrice,salePrice,availability,supplier) VALUES (206,'Orange Glo',5,50.20,67.99,1,23);
INSERT INTO products(id,productName,category,fullPrice,salePrice,availability,supplier) VALUES (207,'Scrub Free',5,26.87,70.31,0,23);
INSERT INTO products(id,productName,category,fullPrice,salePrice,availability,supplier) VALUES (208,'Tooth Tunes',5,91.13,40.36,1,23);
INSERT INTO products(id,productName,category,fullPrice,salePrice,availability,supplier) VALUES (209,'Aim',5,62.56,88.28,1,23);
INSERT INTO products(id,productName,category,fullPrice,salePrice,availability,supplier) VALUES (210,'Cameo',5,17.02,2.29,0,23);
INSERT INTO products(id,productName,category,fullPrice,salePrice,availability,supplier) VALUES (211,'Pepsodent',5,55.88,44.53,1,23);
INSERT INTO products(id,productName,category,fullPrice,salePrice,availability,supplier) VALUES (212,'Baby Orajel',5,11.67,3.12,0,23);
INSERT INTO products(id,productName,category,fullPrice,salePrice,availability,supplier) VALUES (213,'Feline Pine',5,45.53,33.25,1,23);
INSERT INTO products(id,productName,category,fullPrice,salePrice,availability,supplier) VALUES (214,'Naturalamb',5,79.47,1.56,0,23);
INSERT INTO products(id,productName,category,fullPrice,salePrice,availability,supplier) VALUES (215,'Close-up',5,4.94,89.97,0,23);
INSERT INTO products(id,productName,category,fullPrice,salePrice,availability,supplier) VALUES (216,'Colgate',5,69.35,83.17,0,24);
INSERT INTO products(id,productName,category,fullPrice,salePrice,availability,supplier) VALUES (217,'Softsoap',5,95.67,44.90,0,24);
INSERT INTO products(id,productName,category,fullPrice,salePrice,availability,supplier) VALUES (218,'Speed Stick',5,86.27,10.45,0,24);
INSERT INTO products(id,productName,category,fullPrice,salePrice,availability,supplier) VALUES (219,'Palmolive',5,12.95,69.72,0,24);
INSERT INTO products(id,productName,category,fullPrice,salePrice,availability,supplier) VALUES (220,'Irish Spring',5,33.40,16.96,0,24);
INSERT INTO products(id,productName,category,fullPrice,salePrice,availability,supplier) VALUES (221,'Ajax',5,72.82,23.04,0,24);
INSERT INTO products(id,productName,category,fullPrice,salePrice,availability,supplier) VALUES (222,'Lady Speed Stick',5,4.69,58.91,0,24);
INSERT INTO products(id,productName,category,fullPrice,salePrice,availability,supplier) VALUES (223,'Suavitel',5,78.94,97.05,1,24);
INSERT INTO products(id,productName,category,fullPrice,salePrice,availability,supplier) VALUES (224,'Fabuloso',5,32.59,4.29,1,24);
INSERT INTO products(id,productName,category,fullPrice,salePrice,availability,supplier) VALUES (225,'Murphy',5,3.27,95.59,0,24);
INSERT INTO products(id,productName,category,fullPrice,salePrice,availability,supplier) VALUES (226,'Mennen',5,1.95,34.66,1,24);
INSERT INTO products(id,productName,category,fullPrice,salePrice,availability,supplier) VALUES (227,'Afta',5,73.39,83.32,0,24);
INSERT INTO products(id,productName,category,fullPrice,salePrice,availability,supplier) VALUES (228,'Skin Bracer',5,76.06,97.10,1,24);
INSERT INTO products(id,productName,category,fullPrice,salePrice,availability,supplier) VALUES (229,'Healthy Choice',3,80.45,56.09,1,25);
INSERT INTO products(id,productName,category,fullPrice,salePrice,availability,supplier) VALUES (230,'Marie Callender''s',3,17.45,67.00,0,25);
INSERT INTO products(id,productName,category,fullPrice,salePrice,availability,supplier) VALUES (231,'Hunt''s',3,29.17,48.76,1,25);
INSERT INTO products(id,productName,category,fullPrice,salePrice,availability,supplier) VALUES (232,'Orville Redenbacher''s',3,3.13,67.18,1,25);
INSERT INTO products(id,productName,category,fullPrice,salePrice,availability,supplier) VALUES (233,'Chef Boyardee',3,48.79,67.78,1,25);
INSERT INTO products(id,productName,category,fullPrice,salePrice,availability,supplier) VALUES (234,'Banquet',3,30.89,87.93,1,25);
INSERT INTO products(id,productName,category,fullPrice,salePrice,availability,supplier) VALUES (235,'Snack Pack',3,68.72,42.53,1,25);
INSERT INTO products(id,productName,category,fullPrice,salePrice,availability,supplier) VALUES (236,'Libby''s',3,80.06,4.63,1,25);
INSERT INTO products(id,productName,category,fullPrice,salePrice,availability,supplier) VALUES (237,'La Choy',3,68.11,15.73,0,25);
INSERT INTO products(id,productName,category,fullPrice,salePrice,availability,supplier) VALUES (238,'Slim Jim',3,68.17,51.46,0,25);
INSERT INTO products(id,productName,category,fullPrice,salePrice,availability,supplier) VALUES (239,'Hebrew National',3,57.26,39.60,0,25);
INSERT INTO products(id,productName,category,fullPrice,salePrice,availability,supplier) VALUES (240,'Peter Pan',3,70.75,19.28,1,25);
INSERT INTO products(id,productName,category,fullPrice,salePrice,availability,supplier) VALUES (241,'Kid Cuisine',3,48.93,9.24,0,25);
INSERT INTO products(id,productName,category,fullPrice,salePrice,availability,supplier) VALUES (242,'Pure Wesson',3,61.86,63.31,1,25);
INSERT INTO products(id,productName,category,fullPrice,salePrice,availability,supplier) VALUES (243,'Pam',3,81.83,14.32,1,25);
INSERT INTO products(id,productName,category,fullPrice,salePrice,availability,supplier) VALUES (244,'Nathan''s',3,35.68,75.13,0,25);
INSERT INTO products(id,productName,category,fullPrice,salePrice,availability,supplier) VALUES (245,'David',3,89.09,5.02,0,25);
INSERT INTO products(id,productName,category,fullPrice,salePrice,availability,supplier) VALUES (246,'Reddi Wip',3,15.63,27.68,1,25);
INSERT INTO products(id,productName,category,fullPrice,salePrice,availability,supplier) VALUES (247,'Wolf',3,77.18,96.90,1,25);
INSERT INTO products(id,productName,category,fullPrice,salePrice,availability,supplier) VALUES (248,'Act Ii',3,20.62,56.34,0,25);
INSERT INTO products(id,productName,category,fullPrice,salePrice,availability,supplier) VALUES (249,'Gulden''s',3,35.29,8.00,1,25);
INSERT INTO products(id,productName,category,fullPrice,salePrice,availability,supplier) VALUES (250,'Egg Beaters',3,30.48,55.45,1,25);
INSERT INTO products(id,productName,category,fullPrice,salePrice,availability,supplier) VALUES (251,'Rotel',3,45.90,47.49,0,25);
INSERT INTO products(id,productName,category,fullPrice,salePrice,availability,supplier) VALUES (252,'Crunch ''n Munch',3,81.52,97.55,0,25);
INSERT INTO products(id,productName,category,fullPrice,salePrice,availability,supplier) VALUES (253,'Odom''s',3,1.37,35.19,1,25);
INSERT INTO products(id,productName,category,fullPrice,salePrice,availability,supplier) VALUES (254,'Hk Anderson',3,38.75,70.43,0,25);
INSERT INTO products(id,productName,category,fullPrice,salePrice,availability,supplier) VALUES (255,'Blue Bonnet',3,96.55,6.28,0,25);
INSERT INTO products(id,productName,category,fullPrice,salePrice,availability,supplier) VALUES (256,'Banquet Brown ''n Serve',3,53.27,41.56,1,25);
INSERT INTO products(id,productName,category,fullPrice,salePrice,availability,supplier) VALUES (257,'Ro Tel',3,3.52,66.84,0,25);
INSERT INTO products(id,productName,category,fullPrice,salePrice,availability,supplier) VALUES (258,'Andy Capp''s',3,71.03,85.52,0,25);
INSERT INTO products(id,productName,category,fullPrice,salePrice,availability,supplier) VALUES (259,'Parkay',3,30.04,97.40,0,25);
INSERT INTO products(id,productName,category,fullPrice,salePrice,availability,supplier) VALUES (260,'Jiffy Pop',3,40.79,41.21,0,25);
INSERT INTO products(id,productName,category,fullPrice,salePrice,availability,supplier) VALUES (261,'Van Camp''s',3,40.48,33.69,0,25);
INSERT INTO products(id,productName,category,fullPrice,salePrice,availability,supplier) VALUES (262,'Arby''s',3,38.66,58.93,0,25);
INSERT INTO products(id,productName,category,fullPrice,salePrice,availability,supplier) VALUES (263,'Sanalac',3,66.54,58.27,1,25);
INSERT INTO products(id,productName,category,fullPrice,salePrice,availability,supplier) VALUES (264,'Red Robin',3,8.63,17.05,1,25);
INSERT INTO products(id,productName,category,fullPrice,salePrice,availability,supplier) VALUES (265,'Checkers/rally''s',3,36.95,95.85,1,25);
INSERT INTO products(id,productName,category,fullPrice,salePrice,availability,supplier) VALUES (266,'Sweet''n Low',3,34.69,28.52,0,26);
INSERT INTO products(id,productName,category,fullPrice,salePrice,availability,supplier) VALUES (267,'Sugar In The Raw',3,37.25,24.23,1,26);
INSERT INTO products(id,productName,category,fullPrice,salePrice,availability,supplier) VALUES (268,'Stevia',3,83.01,65.24,1,26);
INSERT INTO products(id,productName,category,fullPrice,salePrice,availability,supplier) VALUES (269,'Agave In The Raw',3,11.04,56.82,0,26);
INSERT INTO products(id,productName,category,fullPrice,salePrice,availability,supplier) VALUES (270,'Stevia In The Raw',3,4.43,14.76,0,26);
INSERT INTO products(id,productName,category,fullPrice,salePrice,availability,supplier) VALUES (271,'Butter Buds',3,35.32,9.14,1,26);
INSERT INTO products(id,productName,category,fullPrice,salePrice,availability,supplier) VALUES (272,'Monk Fruit In The Raw',3,15.08,42.79,0,26);
INSERT INTO products(id,productName,category,fullPrice,salePrice,availability,supplier) VALUES (273,'Daniele',3,2.55,51.74,1,27);
INSERT INTO products(id,productName,category,fullPrice,salePrice,availability,supplier) VALUES (274,'Del Luca',3,22.42,85.54,1,27);
INSERT INTO products(id,productName,category,fullPrice,salePrice,availability,supplier) VALUES (275,'Del Duca',3,55.01,74.96,1,27);
INSERT INTO products(id,productName,category,fullPrice,salePrice,availability,supplier) VALUES (276,'Friuli Brand',3,8.29,35.42,1,27);
INSERT INTO products(id,productName,category,fullPrice,salePrice,availability,supplier) VALUES (277,'Jarlsberg',3,89.75,42.30,1,28);
INSERT INTO products(id,productName,category,fullPrice,salePrice,availability,supplier) VALUES (278,'Black Diamond',3,46.13,71.28,1,28);
INSERT INTO products(id,productName,category,fullPrice,salePrice,availability,supplier) VALUES (279,'Salemville',3,71.79,65.24,1,28);
INSERT INTO products(id,productName,category,fullPrice,salePrice,availability,supplier) VALUES (280,'Fromager D''affinois',3,30.30,11.26,1,28);
INSERT INTO products(id,productName,category,fullPrice,salePrice,availability,supplier) VALUES (281,'Silk',3,82.73,75.03,1,29);
INSERT INTO products(id,productName,category,fullPrice,salePrice,availability,supplier) VALUES (282,'Dean''s',3,96.62,79.71,0,29);
INSERT INTO products(id,productName,category,fullPrice,salePrice,availability,supplier) VALUES (283,'International Delight',3,57.61,35.25,0,29);
INSERT INTO products(id,productName,category,fullPrice,salePrice,availability,supplier) VALUES (284,'Swiss Premium',3,24.04,82.00,0,29);
INSERT INTO products(id,productName,category,fullPrice,salePrice,availability,supplier) VALUES (285,'Tuscan Dairy Farms',3,98.55,6.95,0,29);
INSERT INTO products(id,productName,category,fullPrice,salePrice,availability,supplier) VALUES (286,'Garelick Farms',3,47.49,33.61,1,29);
INSERT INTO products(id,productName,category,fullPrice,salePrice,availability,supplier) VALUES (287,'Lehigh Valley Dairy Farms',3,9.38,49.04,1,29);
INSERT INTO products(id,productName,category,fullPrice,salePrice,availability,supplier) VALUES (288,'Pet',3,15.30,90.95,1,29);
INSERT INTO products(id,productName,category,fullPrice,salePrice,availability,supplier) VALUES (289,'Shenandoah''s Pride',3,23.41,85.60,0,29);
INSERT INTO products(id,productName,category,fullPrice,salePrice,availability,supplier) VALUES (290,'Fruit Rush',3,74.96,15.24,0,29);
INSERT INTO products(id,productName,category,fullPrice,salePrice,availability,supplier) VALUES (291,'Trumoo',3,2.01,46.36,1,29);
INSERT INTO products(id,productName,category,fullPrice,salePrice,availability,supplier) VALUES (292,'Over The Moon',3,22.91,97.52,0,29);
INSERT INTO products(id,productName,category,fullPrice,salePrice,availability,supplier) VALUES (293,'Dean''s Country Fresh',3,88.31,85.76,0,29);
INSERT INTO products(id,productName,category,fullPrice,salePrice,availability,supplier) VALUES (294,'Chug',3,77.34,89.99,1,29);
INSERT INTO products(id,productName,category,fullPrice,salePrice,availability,supplier) VALUES (295,'Milk-bone',8,80.57,98.13,0,30);
INSERT INTO products(id,productName,category,fullPrice,salePrice,availability,supplier) VALUES (296,'9lives',8,50.82,91.68,0,30);
INSERT INTO products(id,productName,category,fullPrice,salePrice,availability,supplier) VALUES (297,'Meow Mix',8,78.67,34.92,0,30);
INSERT INTO products(id,productName,category,fullPrice,salePrice,availability,supplier) VALUES (298,'Kibbles ''n Bits',8,19.83,16.86,0,30);
INSERT INTO products(id,productName,category,fullPrice,salePrice,availability,supplier) VALUES (299,'Pup-peroni',8,76.24,81.98,0,30);
INSERT INTO products(id,productName,category,fullPrice,salePrice,availability,supplier) VALUES (300,'Canine Carry Outs',8,1.49,90.64,1,30);
INSERT INTO products(id,productName,category,fullPrice,salePrice,availability,supplier) VALUES (301,'Snausages',8,12.04,52.43,1,30);
INSERT INTO products(id,productName,category,fullPrice,salePrice,availability,supplier) VALUES (302,'Meaty Bone',8,51.64,13.33,0,30);
INSERT INTO products(id,productName,category,fullPrice,salePrice,availability,supplier) VALUES (303,'Gravy Train',8,79.51,0.37,1,30);
INSERT INTO products(id,productName,category,fullPrice,salePrice,availability,supplier) VALUES (304,'Chew-lotta',8,17.76,7.90,0,30);
INSERT INTO products(id,productName,category,fullPrice,salePrice,availability,supplier) VALUES (305,'Diamond',3,54.24,33.22,1,31);
INSERT INTO products(id,productName,category,fullPrice,salePrice,availability,supplier) VALUES (306,'Emerald',3,87.53,53.59,0,31);
INSERT INTO products(id,productName,category,fullPrice,salePrice,availability,supplier) VALUES (307,'Pop-secret',3,6.80,37.83,0,31);
INSERT INTO products(id,productName,category,fullPrice,salePrice,availability,supplier) VALUES (308,'Pop Secret',3,65.73,41.30,1,31);
INSERT INTO products(id,productName,category,fullPrice,salePrice,availability,supplier) VALUES (309,'Diamond Of California',3,21.05,88.30,0,31);
INSERT INTO products(id,productName,category,fullPrice,salePrice,availability,supplier) VALUES (310,'Ace Of Diamonds',3,24.69,3.84,0,31);
INSERT INTO products(id,productName,category,fullPrice,salePrice,availability,supplier) VALUES (311,'Margaritaville',3,15.72,92.65,0,32);
INSERT INTO products(id,productName,category,fullPrice,salePrice,availability,supplier) VALUES (312,'7-up',3,46.28,78.16,1,32);
INSERT INTO products(id,productName,category,fullPrice,salePrice,availability,supplier) VALUES (313,'Ibc',3,73.95,27.56,1,32);
INSERT INTO products(id,productName,category,fullPrice,salePrice,availability,supplier) VALUES (314,'Diet Sunkist',3,70.14,69.07,0,32);
INSERT INTO products(id,productName,category,fullPrice,salePrice,availability,supplier) VALUES (315,'Diet Snap Tea',3,99.58,20.38,0,32);
INSERT INTO products(id,productName,category,fullPrice,salePrice,availability,supplier) VALUES (316,'Diet Snapple',3,17.46,0.83,1,32);
INSERT INTO products(id,productName,category,fullPrice,salePrice,availability,supplier) VALUES (317,'7-up Ten',3,2.49,50.18,0,32);
INSERT INTO products(id,productName,category,fullPrice,salePrice,availability,supplier) VALUES (318,'A&w Ten',3,75.88,36.02,0,32);
INSERT INTO products(id,productName,category,fullPrice,salePrice,availability,supplier) VALUES (319,'Schweppes',3,78.96,29.10,0,33);
INSERT INTO products(id,productName,category,fullPrice,salePrice,availability,supplier) VALUES (320,'Canada Dry',3,82.92,90.57,1,33);
INSERT INTO products(id,productName,category,fullPrice,salePrice,availability,supplier) VALUES (321,'Dr. Pepper',3,84.99,73.44,0,33);
INSERT INTO products(id,productName,category,fullPrice,salePrice,availability,supplier) VALUES (322,'Hawaiian Punch',3,61.78,89.86,0,33);
INSERT INTO products(id,productName,category,fullPrice,salePrice,availability,supplier) VALUES (323,'Crush',3,90.33,88.57,1,33);
INSERT INTO products(id,productName,category,fullPrice,salePrice,availability,supplier) VALUES (324,'Canfield''s',3,54.24,11.84,0,33);
INSERT INTO products(id,productName,category,fullPrice,salePrice,availability,supplier) VALUES (325,'Diet Dr. Pepper',3,41.78,57.95,1,33);
INSERT INTO products(id,productName,category,fullPrice,salePrice,availability,supplier) VALUES (326,'Diet A&w',3,87.26,77.15,0,33);
INSERT INTO products(id,productName,category,fullPrice,salePrice,availability,supplier) VALUES (327,'Diet Rite',3,56.91,84.51,1,33);
INSERT INTO products(id,productName,category,fullPrice,salePrice,availability,supplier) VALUES (328,'Diet 7-up',3,3.14,88.27,1,33);
INSERT INTO products(id,productName,category,fullPrice,salePrice,availability,supplier) VALUES (329,'Sun Drop',3,37.89,92.93,0,33);
INSERT INTO products(id,productName,category,fullPrice,salePrice,availability,supplier) VALUES (330,'Vernors',3,62.65,35.10,0,33);
INSERT INTO products(id,productName,category,fullPrice,salePrice,availability,supplier) VALUES (331,'Squirt',3,10.29,1.08,0,33);
INSERT INTO products(id,productName,category,fullPrice,salePrice,availability,supplier) VALUES (332,'Diet Vernors',3,81.43,91.19,0,33);
INSERT INTO products(id,productName,category,fullPrice,salePrice,availability,supplier) VALUES (333,'Rc',3,99.48,38.90,1,33);
INSERT INTO products(id,productName,category,fullPrice,salePrice,availability,supplier) VALUES (334,'Venom',3,40.56,10.05,0,33);
INSERT INTO products(id,productName,category,fullPrice,salePrice,availability,supplier) VALUES (335,'Diet Squirt',3,46.50,56.54,1,33);
INSERT INTO products(id,productName,category,fullPrice,salePrice,availability,supplier) VALUES (336,'Diet Crush',3,20.15,35.53,1,33);
INSERT INTO products(id,productName,category,fullPrice,salePrice,availability,supplier) VALUES (337,'Cherry 7-up',3,43.62,20.10,0,33);
INSERT INTO products(id,productName,category,fullPrice,salePrice,availability,supplier) VALUES (338,'Doan''s',5,14.39,3.65,0,34);
INSERT INTO products(id,productName,category,fullPrice,salePrice,availability,supplier) VALUES (339,'Myoflex',5,93.20,68.27,1,34);
INSERT INTO products(id,productName,category,fullPrice,salePrice,availability,supplier) VALUES (340,'Bufferin',5,20.06,7.18,0,34);
INSERT INTO products(id,productName,category,fullPrice,salePrice,availability,supplier) VALUES (341,'Nupercainal',5,7.48,38.71,1,34);
INSERT INTO products(id,productName,category,fullPrice,salePrice,availability,supplier) VALUES (342,'Black Swan',10,34.26,56.54,1,35);
INSERT INTO products(id,productName,category,fullPrice,salePrice,availability,supplier) VALUES (343,'Alamos Selection',10,27.45,18.44,1,35);
INSERT INTO products(id,productName,category,fullPrice,salePrice,availability,supplier) VALUES (344,'Barefoot',10,89.82,31.18,1,35);
INSERT INTO products(id,productName,category,fullPrice,salePrice,availability,supplier) VALUES (345,'Tropiking',7,92.34,32.12,1,36);
INSERT INTO products(id,productName,category,fullPrice,salePrice,availability,supplier) VALUES (346,'Asian Best',7,41.14,84.47,0,36);
INSERT INTO products(id,productName,category,fullPrice,salePrice,availability,supplier) VALUES (347,'Tao Kae Noi',7,69.34,47.70,1,36);
INSERT INTO products(id,productName,category,fullPrice,salePrice,availability,supplier) VALUES (348,'Edward & Son',3,12.16,97.17,1,37);
INSERT INTO products(id,productName,category,fullPrice,salePrice,availability,supplier) VALUES (349,'Native Forest',3,94.84,19.84,0,37);
INSERT INTO products(id,productName,category,fullPrice,salePrice,availability,supplier) VALUES (350,'Let''s Do...organic',3,15.05,35.51,0,37);
INSERT INTO products(id,productName,category,fullPrice,salePrice,availability,supplier) VALUES (351,'Edward & Sons',3,69.01,37.48,1,37);
INSERT INTO products(id,productName,category,fullPrice,salePrice,availability,supplier) VALUES (352,'Road''s End Organics',3,34.22,10.31,1,37);
INSERT INTO products(id,productName,category,fullPrice,salePrice,availability,supplier) VALUES (353,'Let''s Do...',3,3.83,32.55,0,37);
INSERT INTO products(id,productName,category,fullPrice,salePrice,availability,supplier) VALUES (354,'Elmer''s',6,92.83,79.89,0,38);
INSERT INTO products(id,productName,category,fullPrice,salePrice,availability,supplier) VALUES (355,'Krazy Glue',6,48.57,74.61,1,38);
INSERT INTO products(id,productName,category,fullPrice,salePrice,availability,supplier) VALUES (356,'Painters',6,81.39,54.36,1,38);
INSERT INTO products(id,productName,category,fullPrice,salePrice,availability,supplier) VALUES (357,'Energizer',5,26.18,68.98,0,39);
INSERT INTO products(id,productName,category,fullPrice,salePrice,availability,supplier) VALUES (358,'Playtex',5,78.00,52.16,0,39);
INSERT INTO products(id,productName,category,fullPrice,salePrice,availability,supplier) VALUES (359,'Schick',5,42.78,20.39,0,39);
INSERT INTO products(id,productName,category,fullPrice,salePrice,availability,supplier) VALUES (360,'Banana Boat',5,99.24,36.96,0,39);
INSERT INTO products(id,productName,category,fullPrice,salePrice,availability,supplier) VALUES (361,'Skintimate',5,13.14,31.23,0,39);
INSERT INTO products(id,productName,category,fullPrice,salePrice,availability,supplier) VALUES (362,'Edge',5,63.86,54.85,0,39);
INSERT INTO products(id,productName,category,fullPrice,salePrice,availability,supplier) VALUES (363,'Hawaiian Tropic',5,3.05,83.50,0,39);
INSERT INTO products(id,productName,category,fullPrice,salePrice,availability,supplier) VALUES (364,'Schick Intuition',5,49.57,43.18,1,39);
INSERT INTO products(id,productName,category,fullPrice,salePrice,availability,supplier) VALUES (365,'Wet Ones',5,19.84,95.58,0,39);
INSERT INTO products(id,productName,category,fullPrice,salePrice,availability,supplier) VALUES (366,'Litter Genie',5,22.60,62.31,1,39);
INSERT INTO products(id,productName,category,fullPrice,salePrice,availability,supplier) VALUES (367,'Playtex Sport',5,11.85,63.74,1,39);
INSERT INTO products(id,productName,category,fullPrice,salePrice,availability,supplier) VALUES (368,'Garden Chic!',4,41.03,0.29,1,40);
INSERT INTO products(id,productName,category,fullPrice,salePrice,availability,supplier) VALUES (369,'Extreme!',4,0.76,35.90,1,40);
INSERT INTO products(id,productName,category,fullPrice,salePrice,availability,supplier) VALUES (370,'Song Blend',4,15.20,17.32,0,40);
INSERT INTO products(id,productName,category,fullPrice,salePrice,availability,supplier) VALUES (371,'Bird Lover''s Blend',4,36.02,1.39,0,40);
INSERT INTO products(id,productName,category,fullPrice,salePrice,availability,supplier) VALUES (372,'Brown''s',4,70.07,55.35,1,40);
INSERT INTO products(id,productName,category,fullPrice,salePrice,availability,supplier) VALUES (373,'Hay Products',4,41.22,18.66,1,40);
INSERT INTO products(id,productName,category,fullPrice,salePrice,availability,supplier) VALUES (374,'Brach''s',3,20.98,5.46,1,41);
INSERT INTO products(id,productName,category,fullPrice,salePrice,availability,supplier) VALUES (375,'Trolli',3,3.81,49.25,1,41);
INSERT INTO products(id,productName,category,fullPrice,salePrice,availability,supplier) VALUES (376,'Jujyfruits',3,57.62,44.73,0,41);
INSERT INTO products(id,productName,category,fullPrice,salePrice,availability,supplier) VALUES (377,'Bob''s',3,26.96,42.39,0,41);
INSERT INTO products(id,productName,category,fullPrice,salePrice,availability,supplier) VALUES (378,'Tic Tac',3,80.28,34.71,1,42);
INSERT INTO products(id,productName,category,fullPrice,salePrice,availability,supplier) VALUES (379,'Nutella',3,78.18,70.46,1,42);
INSERT INTO products(id,productName,category,fullPrice,salePrice,availability,supplier) VALUES (380,'Ferrero Rocher',3,76.96,66.76,1,42);
INSERT INTO products(id,productName,category,fullPrice,salePrice,availability,supplier) VALUES (381,'Ferrero Collection',3,99.23,87.93,1,42);
INSERT INTO products(id,productName,category,fullPrice,salePrice,availability,supplier) VALUES (382,'Ferrero Rondnoir',3,93.73,71.28,1,42);
INSERT INTO products(id,productName,category,fullPrice,salePrice,availability,supplier) VALUES (383,'Confetteria Raffaello',3,20.87,79.35,1,42);
INSERT INTO products(id,productName,category,fullPrice,salePrice,availability,supplier) VALUES (384,'Freeman',6,44.21,29.62,1,43);
INSERT INTO products(id,productName,category,fullPrice,salePrice,availability,supplier) VALUES (385,'Bare Foot Repair',6,19.67,98.37,1,43);
INSERT INTO products(id,productName,category,fullPrice,salePrice,availability,supplier) VALUES (386,'Vita-k',6,21.63,30.11,1,43);
INSERT INTO products(id,productName,category,fullPrice,salePrice,availability,supplier) VALUES (387,'Barefoot Repair',6,2.85,3.66,0,43);
INSERT INTO products(id,productName,category,fullPrice,salePrice,availability,supplier) VALUES (388,'Pssssst!',6,25.88,57.23,1,43);
INSERT INTO products(id,productName,category,fullPrice,salePrice,availability,supplier) VALUES (389,'Lay''s',3,53.75,33.16,0,44);
INSERT INTO products(id,productName,category,fullPrice,salePrice,availability,supplier) VALUES (390,'Tostitos',3,18.77,64.01,0,44);
INSERT INTO products(id,productName,category,fullPrice,salePrice,availability,supplier) VALUES (391,'Doritos',3,30.83,6.24,1,44);
INSERT INTO products(id,productName,category,fullPrice,salePrice,availability,supplier) VALUES (392,'Cheetos',3,74.71,51.46,1,44);
INSERT INTO products(id,productName,category,fullPrice,salePrice,availability,supplier) VALUES (393,'Ruffles',3,60.47,31.75,0,44);
INSERT INTO products(id,productName,category,fullPrice,salePrice,availability,supplier) VALUES (394,'Fritos',3,70.73,58.20,0,44);
INSERT INTO products(id,productName,category,fullPrice,salePrice,availability,supplier) VALUES (395,'Rold Gold',3,22.49,43.68,1,44);
INSERT INTO products(id,productName,category,fullPrice,salePrice,availability,supplier) VALUES (396,'Sunchips',3,67.91,41.38,0,44);
INSERT INTO products(id,productName,category,fullPrice,salePrice,availability,supplier) VALUES (397,'Smartfood',3,23.76,77.25,0,44);
INSERT INTO products(id,productName,category,fullPrice,salePrice,availability,supplier) VALUES (398,'Baken-ets',3,76.44,5.55,0,44);
INSERT INTO products(id,productName,category,fullPrice,salePrice,availability,supplier) VALUES (399,'Munchies',3,89.54,6.07,0,44);
INSERT INTO products(id,productName,category,fullPrice,salePrice,availability,supplier) VALUES (400,'Grandma''s',3,51.54,92.72,1,44);
INSERT INTO products(id,productName,category,fullPrice,salePrice,availability,supplier) VALUES (401,'Chester''s',3,35.51,15.40,1,44);
INSERT INTO products(id,productName,category,fullPrice,salePrice,availability,supplier) VALUES (402,'Frito-lay',3,39.30,41.63,0,44);
INSERT INTO products(id,productName,category,fullPrice,salePrice,availability,supplier) VALUES (403,'Funyuns',3,13.77,0.07,1,44);
INSERT INTO products(id,productName,category,fullPrice,salePrice,availability,supplier) VALUES (404,'Nut Harvest',3,47.65,17.52,1,44);
INSERT INTO products(id,productName,category,fullPrice,salePrice,availability,supplier) VALUES (405,'Looza',3,11.55,67.38,1,44);
INSERT INTO products(id,productName,category,fullPrice,salePrice,availability,supplier) VALUES (406,'Cracker Jack',3,77.00,91.45,0,44);
INSERT INTO products(id,productName,category,fullPrice,salePrice,availability,supplier) VALUES (407,'Munchos',3,72.83,44.37,0,44);
INSERT INTO products(id,productName,category,fullPrice,salePrice,availability,supplier) VALUES (408,'Twistos',3,40.94,14.72,1,44);
INSERT INTO products(id,productName,category,fullPrice,salePrice,availability,supplier) VALUES (409,'Sabritones',3,93.04,82.24,1,44);
INSERT INTO products(id,productName,category,fullPrice,salePrice,availability,supplier) VALUES (410,'Santitas',3,29.83,11.12,1,44);
INSERT INTO products(id,productName,category,fullPrice,salePrice,availability,supplier) VALUES (411,'Turbos',3,83.01,60.14,1,44);
INSERT INTO products(id,productName,category,fullPrice,salePrice,availability,supplier) VALUES (412,'Domo',9,14.40,13.11,0,45);
INSERT INTO products(id,productName,category,fullPrice,salePrice,availability,supplier) VALUES (413,'Pop!',9,0.34,55.71,0,45);
INSERT INTO products(id,productName,category,fullPrice,salePrice,availability,supplier) VALUES (414,'Wacky Wobbler',9,27.66,88.74,1,45);
INSERT INTO products(id,productName,category,fullPrice,salePrice,availability,supplier) VALUES (415,'Garnier',6,5.18,45.28,1,46);
INSERT INTO products(id,productName,category,fullPrice,salePrice,availability,supplier) VALUES (416,'Garnier Fructis',6,50.38,16.88,1,46);
INSERT INTO products(id,productName,category,fullPrice,salePrice,availability,supplier) VALUES (417,'Garnier Nutritioniste',6,35.40,2.52,0,46);
INSERT INTO products(id,productName,category,fullPrice,salePrice,availability,supplier) VALUES (418,'Nutrisse',6,4.33,6.63,1,46);
INSERT INTO products(id,productName,category,fullPrice,salePrice,availability,supplier) VALUES (419,'Garnier Nutrisse',6,40.36,42.35,1,46);
INSERT INTO products(id,productName,category,fullPrice,salePrice,availability,supplier) VALUES (420,'Garnier Herbashine',6,75.94,43.39,0,46);
INSERT INTO products(id,productName,category,fullPrice,salePrice,availability,supplier) VALUES (421,'Betty Crocker',3,98.44,0.35,0,47);
INSERT INTO products(id,productName,category,fullPrice,salePrice,availability,supplier) VALUES (422,'Pillsbury',3,13.07,89.51,1,47);
INSERT INTO products(id,productName,category,fullPrice,salePrice,availability,supplier) VALUES (423,'Progresso',3,47.42,67.83,0,47);
INSERT INTO products(id,productName,category,fullPrice,salePrice,availability,supplier) VALUES (424,'Old El Paso',3,0.17,79.57,1,47);
INSERT INTO products(id,productName,category,fullPrice,salePrice,availability,supplier) VALUES (425,'Larabar',3,63.45,78.37,1,47);
INSERT INTO products(id,productName,category,fullPrice,salePrice,availability,supplier) VALUES (426,'Fiber One',3,26.56,3.28,1,47);
INSERT INTO products(id,productName,category,fullPrice,salePrice,availability,supplier) VALUES (427,'Cascadian Farm',3,39.82,95.57,0,47);
INSERT INTO products(id,productName,category,fullPrice,salePrice,availability,supplier) VALUES (428,'Nature Valley',3,10.25,85.85,0,47);
INSERT INTO products(id,productName,category,fullPrice,salePrice,availability,supplier) VALUES (429,'Cheerios',3,76.71,18.78,1,47);
INSERT INTO products(id,productName,category,fullPrice,salePrice,availability,supplier) VALUES (430,'Sunkist',3,26.54,41.46,1,47);
INSERT INTO products(id,productName,category,fullPrice,salePrice,availability,supplier) VALUES (431,'Chex Mix',3,21.35,76.94,0,47);
INSERT INTO products(id,productName,category,fullPrice,salePrice,availability,supplier) VALUES (432,'Chex',3,69.61,80.35,0,47);
INSERT INTO products(id,productName,category,fullPrice,salePrice,availability,supplier) VALUES (433,'Big G',3,80.43,85.99,1,47);
INSERT INTO products(id,productName,category,fullPrice,salePrice,availability,supplier) VALUES (434,'General Mills',3,53.16,59.44,1,47);
INSERT INTO products(id,productName,category,fullPrice,salePrice,availability,supplier) VALUES (435,'Totino''s',3,98.86,49.39,1,47);
INSERT INTO products(id,productName,category,fullPrice,salePrice,availability,supplier) VALUES (436,'Hamburger Helper',3,80.16,67.31,0,47);
INSERT INTO products(id,productName,category,fullPrice,salePrice,availability,supplier) VALUES (437,'Bisquick',3,55.09,93.98,1,47);
INSERT INTO products(id,productName,category,fullPrice,salePrice,availability,supplier) VALUES (438,'Chicken Helper',3,94.50,52.70,1,47);
INSERT INTO products(id,productName,category,fullPrice,salePrice,availability,supplier) VALUES (439,'Cinnamon Toast Crunch',3,38.01,0.78,0,47);
INSERT INTO products(id,productName,category,fullPrice,salePrice,availability,supplier) VALUES (440,'Le Sueur',3,51.87,57.97,0,47);
INSERT INTO products(id,productName,category,fullPrice,salePrice,availability,supplier) VALUES (441,'Total',3,21.86,77.00,0,47);
INSERT INTO products(id,productName,category,fullPrice,salePrice,availability,supplier) VALUES (442,'Golden Grahams',3,52.75,39.39,0,47);
INSERT INTO products(id,productName,category,fullPrice,salePrice,availability,supplier) VALUES (443,'Cocoa Puffs',3,31.44,98.26,1,47);
INSERT INTO products(id,productName,category,fullPrice,salePrice,availability,supplier) VALUES (444,'Fruit Gushers',3,76.79,82.40,0,47);
INSERT INTO products(id,productName,category,fullPrice,salePrice,availability,supplier) VALUES (445,'Romano''s Macaroni Grill',3,57.58,61.12,1,47);
INSERT INTO products(id,productName,category,fullPrice,salePrice,availability,supplier) VALUES (446,'Fruit Roll-ups',3,31.33,65.40,0,47);
INSERT INTO products(id,productName,category,fullPrice,salePrice,availability,supplier) VALUES (447,'Kix',3,97.78,80.10,0,47);
INSERT INTO products(id,productName,category,fullPrice,salePrice,availability,supplier) VALUES (448,'Reese''s Puffs',3,1.43,62.91,1,47);
INSERT INTO products(id,productName,category,fullPrice,salePrice,availability,supplier) VALUES (449,'Toaster Strudel',3,15.22,39.42,1,47);
INSERT INTO products(id,productName,category,fullPrice,salePrice,availability,supplier) VALUES (450,'Egg Scrambles',3,0.37,33.80,1,47);
INSERT INTO products(id,productName,category,fullPrice,salePrice,availability,supplier) VALUES (451,'Progressive',3,33.92,20.37,1,47);
INSERT INTO products(id,productName,category,fullPrice,salePrice,availability,supplier) VALUES (452,'Bisquick Shake ''n Pour',3,90.94,86.97,1,47);
INSERT INTO products(id,productName,category,fullPrice,salePrice,availability,supplier) VALUES (453,'Trix',3,73.20,55.87,1,47);
INSERT INTO products(id,productName,category,fullPrice,salePrice,availability,supplier) VALUES (454,'Bfast',3,11.54,54.28,1,47);
INSERT INTO products(id,productName,category,fullPrice,salePrice,availability,supplier) VALUES (455,'Corn Chex',3,38.33,78.71,1,47);
INSERT INTO products(id,productName,category,fullPrice,salePrice,availability,supplier) VALUES (456,'Cookie Crisp',3,58.70,83.67,0,47);
INSERT INTO products(id,productName,category,fullPrice,salePrice,availability,supplier) VALUES (457,'Bugles',3,67.13,97.61,0,47);
INSERT INTO products(id,productName,category,fullPrice,salePrice,availability,supplier) VALUES (458,'Frosted Toast Crunch',3,87.76,97.68,0,47);
INSERT INTO products(id,productName,category,fullPrice,salePrice,availability,supplier) VALUES (459,'Mountain High',3,78.65,41.54,1,47);
INSERT INTO products(id,productName,category,fullPrice,salePrice,availability,supplier) VALUES (460,'Bisquick Heart Smart',3,32.62,31.07,1,47);
INSERT INTO products(id,productName,category,fullPrice,salePrice,availability,supplier) VALUES (461,'Toaster Scrambles',3,35.25,96.55,0,47);
INSERT INTO products(id,productName,category,fullPrice,salePrice,availability,supplier) VALUES (462,'Lucky Charms',3,33.78,74.49,0,47);
INSERT INTO products(id,productName,category,fullPrice,salePrice,availability,supplier) VALUES (463,'Wanchai Ferry',3,76.09,36.33,0,47);
INSERT INTO products(id,productName,category,fullPrice,salePrice,availability,supplier) VALUES (464,'Wheaties',3,12.00,96.96,1,47);
INSERT INTO products(id,productName,category,fullPrice,salePrice,availability,supplier) VALUES (465,'Tuna Helper',3,32.67,30.30,0,47);
INSERT INTO products(id,productName,category,fullPrice,salePrice,availability,supplier) VALUES (466,'Basic 4',3,74.32,73.33,1,47);
INSERT INTO products(id,productName,category,fullPrice,salePrice,availability,supplier) VALUES (467,'Peanut Butter Toast Crunch',3,13.12,89.15,1,47);
INSERT INTO products(id,productName,category,fullPrice,salePrice,availability,supplier) VALUES (468,'Scooby-doo!',3,38.81,7.61,1,47);
INSERT INTO products(id,productName,category,fullPrice,salePrice,availability,supplier) VALUES (469,'Fruit Roll-ups, Fruit By The Foot, Fruit Gushers',3,12.03,71.79,0,47);
INSERT INTO products(id,productName,category,fullPrice,salePrice,availability,supplier) VALUES (470,'Fruit By The Foot',3,94.03,14.88,1,47);
INSERT INTO products(id,productName,category,fullPrice,salePrice,availability,supplier) VALUES (471,'Raisin Nut Bran',3,77.75,71.32,1,47);
INSERT INTO products(id,productName,category,fullPrice,salePrice,availability,supplier) VALUES (472,'Oatmeal Crisps',3,22.27,69.08,0,47);
INSERT INTO products(id,productName,category,fullPrice,salePrice,availability,supplier) VALUES (473,'Gardetto''s',3,52.00,3.27,1,47);
INSERT INTO products(id,productName,category,fullPrice,salePrice,availability,supplier) VALUES (474,'Tums',5,9.10,2.71,1,48);
INSERT INTO products(id,productName,category,fullPrice,salePrice,availability,supplier) VALUES (475,'Sensodyne',5,83.62,40.44,0,48);
INSERT INTO products(id,productName,category,fullPrice,salePrice,availability,supplier) VALUES (476,'Nicorette',5,0.91,61.70,0,48);
INSERT INTO products(id,productName,category,fullPrice,salePrice,availability,supplier) VALUES (477,'Aquafresh',5,84.58,64.85,1,48);
INSERT INTO products(id,productName,category,fullPrice,salePrice,availability,supplier) VALUES (478,'Breathe Right',5,42.46,58.76,1,48);
INSERT INTO products(id,productName,category,fullPrice,salePrice,availability,supplier) VALUES (479,'Polident',5,76.23,44.40,0,48);
INSERT INTO products(id,productName,category,fullPrice,salePrice,availability,supplier) VALUES (480,'Biotene',5,42.06,12.95,0,48);
INSERT INTO products(id,productName,category,fullPrice,salePrice,availability,supplier) VALUES (481,'Nicoderm Cq',5,97.18,22.35,0,48);
INSERT INTO products(id,productName,category,fullPrice,salePrice,availability,supplier) VALUES (482,'Os-cal',5,97.18,10.11,1,48);
INSERT INTO products(id,productName,category,fullPrice,salePrice,availability,supplier) VALUES (483,'Citrucel',5,86.21,92.59,1,48);
INSERT INTO products(id,productName,category,fullPrice,salePrice,availability,supplier) VALUES (484,'Abreva',5,3.16,27.59,0,48);
INSERT INTO products(id,productName,category,fullPrice,salePrice,availability,supplier) VALUES (485,'Gaviscon',5,35.02,94.46,0,48);
INSERT INTO products(id,productName,category,fullPrice,salePrice,availability,supplier) VALUES (486,'Green Mountain Coffee',3,9.80,23.64,0,49);
INSERT INTO products(id,productName,category,fullPrice,salePrice,availability,supplier) VALUES (487,'Swiss Miss',3,63.30,85.84,1,49);
INSERT INTO products(id,productName,category,fullPrice,salePrice,availability,supplier) VALUES (488,'Tully''s Coffee',3,49.40,12.42,1,49);
INSERT INTO products(id,productName,category,fullPrice,salePrice,availability,supplier) VALUES (489,'Cafe Escapes',3,73.01,60.71,1,49);
INSERT INTO products(id,productName,category,fullPrice,salePrice,availability,supplier) VALUES (490,'Cafe Bustelo',3,25.68,58.12,1,49);
INSERT INTO products(id,productName,category,fullPrice,salePrice,availability,supplier) VALUES (491,'Eight O'' Clock',3,50.34,48.53,1,49);
INSERT INTO products(id,productName,category,fullPrice,salePrice,availability,supplier) VALUES (492,'Barista Prima',3,92.30,2.75,1,49);
INSERT INTO products(id,productName,category,fullPrice,salePrice,availability,supplier) VALUES (493,'Donut House Collection',3,51.15,64.56,0,49);
INSERT INTO products(id,productName,category,fullPrice,salePrice,availability,supplier) VALUES (494,'Green Mountain Naturals',3,57.78,60.92,0,49);
INSERT INTO products(id,productName,category,fullPrice,salePrice,availability,supplier) VALUES (495,'Heinz',3,51.25,75.52,0,50);
INSERT INTO products(id,productName,category,fullPrice,salePrice,availability,supplier) VALUES (496,'Weight Watchers Smart Ones',3,31.20,42.53,1,50);
INSERT INTO products(id,productName,category,fullPrice,salePrice,availability,supplier) VALUES (497,'T.g.i. Friday''s',3,89.90,98.94,1,50);
INSERT INTO products(id,productName,category,fullPrice,salePrice,availability,supplier) VALUES (498,'Ore-ida',3,33.82,42.91,0,50);
INSERT INTO products(id,productName,category,fullPrice,salePrice,availability,supplier) VALUES (499,'Classico',3,78.90,21.60,1,50);
INSERT INTO products(id,productName,category,fullPrice,salePrice,availability,supplier) VALUES (500,'Jack Daniel''s',3,61.95,67.86,1,50);
INSERT INTO products(id,productName,category,fullPrice,salePrice,availability,supplier) VALUES (501,'Smart Ones',3,46.62,61.91,1,50);
INSERT INTO products(id,productName,category,fullPrice,salePrice,availability,supplier) VALUES (502,'Bagel Bites',3,42.26,91.89,0,50);
INSERT INTO products(id,productName,category,fullPrice,salePrice,availability,supplier) VALUES (503,'Nancy''s',3,48.26,10.27,1,50);
INSERT INTO products(id,productName,category,fullPrice,salePrice,availability,supplier) VALUES (504,'Wyler''s',3,46.39,20.55,0,50);
INSERT INTO products(id,productName,category,fullPrice,salePrice,availability,supplier) VALUES (505,'Ore-lda',3,20.86,86.47,0,50);
INSERT INTO products(id,productName,category,fullPrice,salePrice,availability,supplier) VALUES (506,'L''eggs',3,73.67,3.56,0,51);
INSERT INTO products(id,productName,category,fullPrice,salePrice,availability,supplier) VALUES (507,'Leggs',3,91.62,49.59,1,51);
INSERT INTO products(id,productName,category,fullPrice,salePrice,availability,supplier) VALUES (508,'Jms',3,69.43,73.08,1,51);
INSERT INTO products(id,productName,category,fullPrice,salePrice,availability,supplier) VALUES (509,'Hanes',3,6.83,45.66,1,51);
INSERT INTO products(id,productName,category,fullPrice,salePrice,availability,supplier) VALUES (510,'Play-doh',9,35.54,43.73,0,52);
INSERT INTO products(id,productName,category,fullPrice,salePrice,availability,supplier) VALUES (511,'Parker Brothers',9,82.32,69.86,0,52);
INSERT INTO products(id,productName,category,fullPrice,salePrice,availability,supplier) VALUES (512,'Scattergories',9,20.18,11.41,1,52);
INSERT INTO products(id,productName,category,fullPrice,salePrice,availability,supplier) VALUES (513,'Hormel',3,43.27,29.40,1,53);
INSERT INTO products(id,productName,category,fullPrice,salePrice,availability,supplier) VALUES (514,'House Of Tsang',3,80.15,31.47,1,53);
INSERT INTO products(id,productName,category,fullPrice,salePrice,availability,supplier) VALUES (515,'Chi-chi''s',3,21.16,9.70,1,53);
INSERT INTO products(id,productName,category,fullPrice,salePrice,availability,supplier) VALUES (516,'Herb-ox',3,95.21,5.06,1,53);
INSERT INTO products(id,productName,category,fullPrice,salePrice,availability,supplier) VALUES (517,'Country Crock',3,49.68,44.92,1,53);
INSERT INTO products(id,productName,category,fullPrice,salePrice,availability,supplier) VALUES (518,'Spam',3,49.80,56.21,1,53);
INSERT INTO products(id,productName,category,fullPrice,salePrice,availability,supplier) VALUES (519,'Dinty Moore',3,65.20,6.03,0,53);
INSERT INTO products(id,productName,category,fullPrice,salePrice,availability,supplier) VALUES (520,'Valley Fresh',3,9.25,30.60,1,53);
INSERT INTO products(id,productName,category,fullPrice,salePrice,availability,supplier) VALUES (521,'Thick & Easy',3,98.89,12.13,1,53);
INSERT INTO products(id,productName,category,fullPrice,salePrice,availability,supplier) VALUES (522,'Mary Kitchen',3,52.68,59.36,1,53);
INSERT INTO products(id,productName,category,fullPrice,salePrice,availability,supplier) VALUES (523,'Estroven',5,30.51,48.99,1,54);
INSERT INTO products(id,productName,category,fullPrice,salePrice,availability,supplier) VALUES (524,'Culturelle',5,15.96,33.02,0,54);
INSERT INTO products(id,productName,category,fullPrice,salePrice,availability,supplier) VALUES (525,'Azo',5,22.10,56.17,1,54);
INSERT INTO products(id,productName,category,fullPrice,salePrice,availability,supplier) VALUES (526,'Brainstrong',5,19.16,65.36,0,54);
INSERT INTO products(id,productName,category,fullPrice,salePrice,availability,supplier) VALUES (527,'I-cool',5,68.06,5.59,0,54);
INSERT INTO products(id,productName,category,fullPrice,salePrice,availability,supplier) VALUES (528,'Dhea',5,94.86,69.38,1,54);
INSERT INTO products(id,productName,category,fullPrice,salePrice,availability,supplier) VALUES (529,'Imperial',9,97.12,43.37,0,55);
INSERT INTO products(id,productName,category,fullPrice,salePrice,availability,supplier) VALUES (530,'Miracle Bubbles',9,81.00,73.74,0,55);
INSERT INTO products(id,productName,category,fullPrice,salePrice,availability,supplier) VALUES (531,'Stampers',9,15.75,30.36,0,55);
INSERT INTO products(id,productName,category,fullPrice,salePrice,availability,supplier) VALUES (532,'Dynasty',3,56.03,53.87,0,56);
INSERT INTO products(id,productName,category,fullPrice,salePrice,availability,supplier) VALUES (533,'Hapi',3,96.71,94.91,0,56);
INSERT INTO products(id,productName,category,fullPrice,salePrice,availability,supplier) VALUES (534,'Nishiki',3,43.12,69.00,0,56);
INSERT INTO products(id,productName,category,fullPrice,salePrice,availability,supplier) VALUES (535,'Myojo',3,47.36,95.55,1,56);
INSERT INTO products(id,productName,category,fullPrice,salePrice,availability,supplier) VALUES (536,'Hime',3,93.60,14.05,1,56);
INSERT INTO products(id,productName,category,fullPrice,salePrice,availability,supplier) VALUES (537,'Botan',3,96.13,77.74,1,56);
INSERT INTO products(id,productName,category,fullPrice,salePrice,availability,supplier) VALUES (538,'Just Bare',3,7.68,22.44,0,56);
INSERT INTO products(id,productName,category,fullPrice,salePrice,availability,supplier) VALUES (539,'Jfc',3,70.38,45.59,0,56);
INSERT INTO products(id,productName,category,fullPrice,salePrice,availability,supplier) VALUES (540,'Wel-pac',3,51.50,59.01,0,56);
INSERT INTO products(id,productName,category,fullPrice,salePrice,availability,supplier) VALUES (541,'Neutrogena',5,32.03,56.57,0,57);
INSERT INTO products(id,productName,category,fullPrice,salePrice,availability,supplier) VALUES (542,'Aveeno',5,37.39,70.79,1,57);
INSERT INTO products(id,productName,category,fullPrice,salePrice,availability,supplier) VALUES (543,'Johnson''s',5,36.30,0.42,1,57);
INSERT INTO products(id,productName,category,fullPrice,salePrice,availability,supplier) VALUES (544,'Band-aid',5,3.01,8.31,1,57);
INSERT INTO products(id,productName,category,fullPrice,salePrice,availability,supplier) VALUES (545,'Listerine',5,58.63,10.92,1,57);
INSERT INTO products(id,productName,category,fullPrice,salePrice,availability,supplier) VALUES (546,'Clean & Clear',5,14.94,52.61,0,57);
INSERT INTO products(id,productName,category,fullPrice,salePrice,availability,supplier) VALUES (547,'Tylenol',5,75.91,63.11,0,57);
INSERT INTO products(id,productName,category,fullPrice,salePrice,availability,supplier) VALUES (548,'Johnson & Johnson',5,90.44,30.45,1,57);
INSERT INTO products(id,productName,category,fullPrice,salePrice,availability,supplier) VALUES (549,'Reach',5,39.25,38.25,0,57);
INSERT INTO products(id,productName,category,fullPrice,salePrice,availability,supplier) VALUES (550,'Neosporin',5,15.62,1.67,0,57);
INSERT INTO products(id,productName,category,fullPrice,salePrice,availability,supplier) VALUES (551,'Visine',5,98.08,23.38,1,57);
INSERT INTO products(id,productName,category,fullPrice,salePrice,availability,supplier) VALUES (552,'Benadryl',5,28.38,92.50,1,57);
INSERT INTO products(id,productName,category,fullPrice,salePrice,availability,supplier) VALUES (553,'Pepcid',5,79.85,34.28,0,57);
INSERT INTO products(id,productName,category,fullPrice,salePrice,availability,supplier) VALUES (554,'Bengay',5,11.76,19.11,1,57);
INSERT INTO products(id,productName,category,fullPrice,salePrice,availability,supplier) VALUES (555,'Ambi',5,80.53,37.46,0,57);
INSERT INTO products(id,productName,category,fullPrice,salePrice,availability,supplier) VALUES (556,'Sudafed',5,63.23,16.29,0,57);
INSERT INTO products(id,productName,category,fullPrice,salePrice,availability,supplier) VALUES (557,'Roc',5,2.01,38.48,0,57);
INSERT INTO products(id,productName,category,fullPrice,salePrice,availability,supplier) VALUES (558,'Desitin',5,38.81,69.12,0,57);
INSERT INTO products(id,productName,category,fullPrice,salePrice,availability,supplier) VALUES (559,'Johnson''s Natural',5,50.60,23.18,1,57);
INSERT INTO products(id,productName,category,fullPrice,salePrice,availability,supplier) VALUES (560,'Shower To Shower',5,5.80,2.68,1,57);
INSERT INTO products(id,productName,category,fullPrice,salePrice,availability,supplier) VALUES (561,'Rogaine',5,1.78,35.22,0,57);
INSERT INTO products(id,productName,category,fullPrice,salePrice,availability,supplier) VALUES (562,'Cortaid',5,42.55,36.52,0,57);
INSERT INTO products(id,productName,category,fullPrice,salePrice,availability,supplier) VALUES (563,'Caladryl',5,51.82,22.10,0,57);
INSERT INTO products(id,productName,category,fullPrice,salePrice,availability,supplier) VALUES (564,'Zyrtec-d',5,64.64,58.09,1,57);
INSERT INTO products(id,productName,category,fullPrice,salePrice,availability,supplier) VALUES (565,'Visine-a',5,66.38,87.96,0,57);
INSERT INTO products(id,productName,category,fullPrice,salePrice,availability,supplier) VALUES (566,'Plax',5,11.01,96.67,1,57);
INSERT INTO products(id,productName,category,fullPrice,salePrice,availability,supplier) VALUES (567,'Rembrandt',5,90.00,33.73,1,57);
INSERT INTO products(id,productName,category,fullPrice,salePrice,availability,supplier) VALUES (568,'Coach',5,59.98,52.54,1,57);
INSERT INTO products(id,productName,category,fullPrice,salePrice,availability,supplier) VALUES (569,'Corn Huskers',5,7.66,65.99,0,57);
INSERT INTO products(id,productName,category,fullPrice,salePrice,availability,supplier) VALUES (570,'Kashi',3,54.47,37.21,1,58);
INSERT INTO products(id,productName,category,fullPrice,salePrice,availability,supplier) VALUES (571,'Tlc',3,1.97,27.02,1,58);
INSERT INTO products(id,productName,category,fullPrice,salePrice,availability,supplier) VALUES (572,'Organic Promise',3,71.18,32.54,1,58);
INSERT INTO products(id,productName,category,fullPrice,salePrice,availability,supplier) VALUES (573,'Heart To Heart',3,66.63,5.15,1,58);
INSERT INTO products(id,productName,category,fullPrice,salePrice,availability,supplier) VALUES (574,'Honey Sunshine',3,22.47,5.23,0,58);
INSERT INTO products(id,productName,category,fullPrice,salePrice,availability,supplier) VALUES (575,'7 Whole Grain',3,76.17,42.69,1,58);
INSERT INTO products(id,productName,category,fullPrice,salePrice,availability,supplier) VALUES (576,'Good Friends',3,81.06,78.79,0,58);
INSERT INTO products(id,productName,category,fullPrice,salePrice,availability,supplier) VALUES (577,'Kellogg''s',3,8.85,84.96,0,59);
INSERT INTO products(id,productName,category,fullPrice,salePrice,availability,supplier) VALUES (578,'Keebler',3,74.26,96.40,0,59);
INSERT INTO products(id,productName,category,fullPrice,salePrice,availability,supplier) VALUES (579,'Special K',3,30.00,59.08,0,59);
INSERT INTO products(id,productName,category,fullPrice,salePrice,availability,supplier) VALUES (580,'Cheez-it',3,98.87,65.06,1,59);
INSERT INTO products(id,productName,category,fullPrice,salePrice,availability,supplier) VALUES (581,'Pop-tarts',3,25.56,55.22,1,59);
INSERT INTO products(id,productName,category,fullPrice,salePrice,availability,supplier) VALUES (582,'Pringles',3,70.91,91.37,1,59);
INSERT INTO products(id,productName,category,fullPrice,salePrice,availability,supplier) VALUES (583,'Eggo',3,80.67,26.93,0,59);
INSERT INTO products(id,productName,category,fullPrice,salePrice,availability,supplier) VALUES (584,'Morningstar',3,84.92,43.10,0,59);
INSERT INTO products(id,productName,category,fullPrice,salePrice,availability,supplier) VALUES (585,'Murray',3,5.96,40.32,0,59);
INSERT INTO products(id,productName,category,fullPrice,salePrice,availability,supplier) VALUES (586,'Town House',3,85.43,41.66,1,59);
INSERT INTO products(id,productName,category,fullPrice,salePrice,availability,supplier) VALUES (587,'Nutri-grain',3,52.30,84.44,1,59);
INSERT INTO products(id,productName,category,fullPrice,salePrice,availability,supplier) VALUES (588,'Frosted Mini-wheats',3,12.48,93.86,0,59);
INSERT INTO products(id,productName,category,fullPrice,salePrice,availability,supplier) VALUES (589,'Rice Krispies',3,12.27,97.88,1,59);
INSERT INTO products(id,productName,category,fullPrice,salePrice,availability,supplier) VALUES (590,'Fiber Plus',3,25.71,25.28,0,59);
INSERT INTO products(id,productName,category,fullPrice,salePrice,availability,supplier) VALUES (591,'Mini-wheats',3,12.69,24.83,1,59);
INSERT INTO products(id,productName,category,fullPrice,salePrice,availability,supplier) VALUES (592,'100 Calorie Right Bites',3,64.33,58.70,1,59);
INSERT INTO products(id,productName,category,fullPrice,salePrice,availability,supplier) VALUES (593,'Frosted Flakes',3,36.40,44.05,1,59);
INSERT INTO products(id,productName,category,fullPrice,salePrice,availability,supplier) VALUES (594,'Golean',3,39.64,95.33,0,59);
INSERT INTO products(id,productName,category,fullPrice,salePrice,availability,supplier) VALUES (595,'Sunshine',3,82.31,71.58,1,59);
INSERT INTO products(id,productName,category,fullPrice,salePrice,availability,supplier) VALUES (596,'All-bran',3,82.83,30.91,1,59);
INSERT INTO products(id,productName,category,fullPrice,salePrice,availability,supplier) VALUES (597,'Gardenburger',3,23.12,21.47,1,59);
INSERT INTO products(id,productName,category,fullPrice,salePrice,availability,supplier) VALUES (598,'Sandies',3,66.13,37.85,0,59);
INSERT INTO products(id,productName,category,fullPrice,salePrice,availability,supplier) VALUES (599,'Smart Start',3,34.51,38.28,1,59);
INSERT INTO products(id,productName,category,fullPrice,salePrice,availability,supplier) VALUES (600,'Froot Loops',3,66.22,81.04,0,59);
INSERT INTO products(id,productName,category,fullPrice,salePrice,availability,supplier) VALUES (601,'Corn Flakes',3,64.68,95.93,1,59);
INSERT INTO products(id,productName,category,fullPrice,salePrice,availability,supplier) VALUES (602,'Chips Duluxe',3,91.08,40.07,0,59);
INSERT INTO products(id,productName,category,fullPrice,salePrice,availability,supplier) VALUES (603,'Austin',3,79.03,20.68,0,59);
INSERT INTO products(id,productName,category,fullPrice,salePrice,availability,supplier) VALUES (604,'Zesta',3,94.55,72.47,0,59);
INSERT INTO products(id,productName,category,fullPrice,salePrice,availability,supplier) VALUES (605,'Corn Pops',3,43.66,35.67,0,59);
INSERT INTO products(id,productName,category,fullPrice,salePrice,availability,supplier) VALUES (606,'Kellogg''s To Go',3,83.15,80.42,1,59);
INSERT INTO products(id,productName,category,fullPrice,salePrice,availability,supplier) VALUES (607,'Honey Smacks',3,35.72,65.24,0,59);
INSERT INTO products(id,productName,category,fullPrice,salePrice,availability,supplier) VALUES (608,'Low Fat Granola',3,65.70,55.66,1,59);
INSERT INTO products(id,productName,category,fullPrice,salePrice,availability,supplier) VALUES (609,'Kaffree Roma',3,40.62,58.71,1,59);
INSERT INTO products(id,productName,category,fullPrice,salePrice,availability,supplier) VALUES (610,'Bear Naked Fit',3,96.82,52.99,0,59);
INSERT INTO products(id,productName,category,fullPrice,salePrice,availability,supplier) VALUES (611,'Rocky Mountain Chocolate Factory',3,95.84,24.52,0,59);
INSERT INTO products(id,productName,category,fullPrice,salePrice,availability,supplier) VALUES (612,'Cracklin'' Oat Bran',3,38.25,77.11,1,59);
INSERT INTO products(id,productName,category,fullPrice,salePrice,availability,supplier) VALUES (613,'Cocoa Krispies',3,97.23,40.42,1,59);
INSERT INTO products(id,productName,category,fullPrice,salePrice,availability,supplier) VALUES (614,'Huggies',1,50.64,5.35,0,60);
INSERT INTO products(id,productName,category,fullPrice,salePrice,availability,supplier) VALUES (615,'Kotex',1,90.41,56.05,1,60);
INSERT INTO products(id,productName,category,fullPrice,salePrice,availability,supplier) VALUES (616,'Kleenex',1,49.30,28.86,1,60);
INSERT INTO products(id,productName,category,fullPrice,salePrice,availability,supplier) VALUES (617,'Depend',1,99.49,46.83,0,60);
INSERT INTO products(id,productName,category,fullPrice,salePrice,availability,supplier) VALUES (618,'Poise',1,1.37,9.83,1,60);
INSERT INTO products(id,productName,category,fullPrice,salePrice,availability,supplier) VALUES (619,'Huggies Pull-ups',1,59.00,41.55,1,60);
INSERT INTO products(id,productName,category,fullPrice,salePrice,availability,supplier) VALUES (620,'Scott',1,10.70,47.64,1,60);
INSERT INTO products(id,productName,category,fullPrice,salePrice,availability,supplier) VALUES (621,'Goodnites',1,4.81,96.55,0,60);
INSERT INTO products(id,productName,category,fullPrice,salePrice,availability,supplier) VALUES (622,'Kleenex Cottonelle',1,73.06,22.32,1,60);
INSERT INTO products(id,productName,category,fullPrice,salePrice,availability,supplier) VALUES (623,'Cottonelle',1,57.46,83.67,0,60);
INSERT INTO products(id,productName,category,fullPrice,salePrice,availability,supplier) VALUES (624,'Viva',1,53.34,98.84,1,60);
INSERT INTO products(id,productName,category,fullPrice,salePrice,availability,supplier) VALUES (625,'U By Kotex',1,99.86,40.55,1,60);
INSERT INTO products(id,productName,category,fullPrice,salePrice,availability,supplier) VALUES (626,'Pull-ups',1,9.62,33.88,0,60);
INSERT INTO products(id,productName,category,fullPrice,salePrice,availability,supplier) VALUES (627,'Kraft',3,88.24,29.68,0,61);
INSERT INTO products(id,productName,category,fullPrice,salePrice,availability,supplier) VALUES (628,'Oscar Mayer',3,74.32,91.50,1,61);
INSERT INTO products(id,productName,category,fullPrice,salePrice,availability,supplier) VALUES (629,'Jell-o',3,65.90,48.67,0,61);
INSERT INTO products(id,productName,category,fullPrice,salePrice,availability,supplier) VALUES (630,'Planters',3,68.57,65.56,0,61);
INSERT INTO products(id,productName,category,fullPrice,salePrice,availability,supplier) VALUES (631,'Crystal Light',3,16.56,12.16,0,61);
INSERT INTO products(id,productName,category,fullPrice,salePrice,availability,supplier) VALUES (632,'Maxwell House',3,11.76,52.19,0,61);
INSERT INTO products(id,productName,category,fullPrice,salePrice,availability,supplier) VALUES (633,'Lunchables',3,36.49,91.85,0,61);
INSERT INTO products(id,productName,category,fullPrice,salePrice,availability,supplier) VALUES (634,'Nabisco',3,25.19,16.89,0,61);
INSERT INTO products(id,productName,category,fullPrice,salePrice,availability,supplier) VALUES (635,'Triscuit',3,23.09,75.59,1,61);
INSERT INTO products(id,productName,category,fullPrice,salePrice,availability,supplier) VALUES (636,'Philadelphia',3,18.57,8.61,1,61);
INSERT INTO products(id,productName,category,fullPrice,salePrice,availability,supplier) VALUES (637,'Velveeta',3,34.50,58.26,1,61);
INSERT INTO products(id,productName,category,fullPrice,salePrice,availability,supplier) VALUES (638,'Kool-aid',3,35.76,92.21,1,61);
INSERT INTO products(id,productName,category,fullPrice,salePrice,availability,supplier) VALUES (639,'Chips Ahoy',3,2.82,47.01,1,61);
INSERT INTO products(id,productName,category,fullPrice,salePrice,availability,supplier) VALUES (640,'Breakstone''s',3,5.50,82.27,0,61);
INSERT INTO products(id,productName,category,fullPrice,salePrice,availability,supplier) VALUES (641,'Cracker Barrel',3,74.63,76.01,1,61);
INSERT INTO products(id,productName,category,fullPrice,salePrice,availability,supplier) VALUES (642,'Gevalia',3,91.54,60.47,1,61);
INSERT INTO products(id,productName,category,fullPrice,salePrice,availability,supplier) VALUES (643,'Mio',3,69.87,65.09,0,61);
INSERT INTO products(id,productName,category,fullPrice,salePrice,availability,supplier) VALUES (644,'Polly-o',3,67.08,53.87,1,61);
INSERT INTO products(id,productName,category,fullPrice,salePrice,availability,supplier) VALUES (645,'A.1.',3,83.68,42.34,0,61);
INSERT INTO products(id,productName,category,fullPrice,salePrice,availability,supplier) VALUES (646,'Taco Bell',3,15.98,7.81,0,61);
INSERT INTO products(id,productName,category,fullPrice,salePrice,availability,supplier) VALUES (647,'Baker''s',3,26.37,30.29,1,61);
INSERT INTO products(id,productName,category,fullPrice,salePrice,availability,supplier) VALUES (648,'Premium',3,12.80,57.39,0,61);
INSERT INTO products(id,productName,category,fullPrice,salePrice,availability,supplier) VALUES (649,'Swedish Fish',3,30.60,10.54,1,61);
INSERT INTO products(id,productName,category,fullPrice,salePrice,availability,supplier) VALUES (650,'Sour Patch',3,60.36,84.96,1,61);
INSERT INTO products(id,productName,category,fullPrice,salePrice,availability,supplier) VALUES (651,'Lu',3,41.74,61.87,1,61);
INSERT INTO products(id,productName,category,fullPrice,salePrice,availability,supplier) VALUES (652,'Grey Poupon',3,63.26,19.67,1,61);
INSERT INTO products(id,productName,category,fullPrice,salePrice,availability,supplier) VALUES (653,'Trident Layers',3,1.12,86.64,0,61);
INSERT INTO products(id,productName,category,fullPrice,salePrice,availability,supplier) VALUES (654,'Trident White',3,34.80,88.99,1,61);
INSERT INTO products(id,productName,category,fullPrice,salePrice,availability,supplier) VALUES (655,'Good Seasons',3,19.83,2.70,1,61);
INSERT INTO products(id,productName,category,fullPrice,salePrice,availability,supplier) VALUES (656,'Milka',3,12.86,88.15,1,61);
INSERT INTO products(id,productName,category,fullPrice,salePrice,availability,supplier) VALUES (657,'Kool-aid Jammers',3,12.21,64.50,0,61);
INSERT INTO products(id,productName,category,fullPrice,salePrice,availability,supplier) VALUES (658,'South Beach Living',3,48.46,74.03,1,61);
INSERT INTO products(id,productName,category,fullPrice,salePrice,availability,supplier) VALUES (659,'Cool Whip',3,65.91,27.11,0,61);
INSERT INTO products(id,productName,category,fullPrice,salePrice,availability,supplier) VALUES (660,'Country Time',3,31.89,88.52,0,61);
INSERT INTO products(id,productName,category,fullPrice,salePrice,availability,supplier) VALUES (661,'Miracle Whip',3,43.11,78.59,1,61);
INSERT INTO products(id,productName,category,fullPrice,salePrice,availability,supplier) VALUES (662,'Temptations By Jell-o',3,5.38,49.75,0,61);
INSERT INTO products(id,productName,category,fullPrice,salePrice,availability,supplier) VALUES (663,'Tassimo',3,53.24,80.86,0,61);
INSERT INTO products(id,productName,category,fullPrice,salePrice,availability,supplier) VALUES (664,'Dentyne Pure',3,29.09,84.37,0,61);
INSERT INTO products(id,productName,category,fullPrice,salePrice,availability,supplier) VALUES (665,'Bull''s-eye',3,20.08,32.30,0,61);
INSERT INTO products(id,productName,category,fullPrice,salePrice,availability,supplier) VALUES (666,'Dentyne Fire',3,2.33,62.73,1,61);
INSERT INTO products(id,productName,category,fullPrice,salePrice,availability,supplier) VALUES (667,'Cool Whip Frosting',3,41.16,75.21,0,61);
INSERT INTO products(id,productName,category,fullPrice,salePrice,availability,supplier) VALUES (668,'Knox',3,45.13,32.17,0,61);
INSERT INTO products(id,productName,category,fullPrice,salePrice,availability,supplier) VALUES (669,'Red Oval Farms',3,43.05,83.68,1,61);
INSERT INTO products(id,productName,category,fullPrice,salePrice,availability,supplier) VALUES (670,'Barnum''s Animals',3,5.32,15.53,1,61);
INSERT INTO products(id,productName,category,fullPrice,salePrice,availability,supplier) VALUES (671,'Sure Jell',3,62.75,58.26,0,61);
INSERT INTO products(id,productName,category,fullPrice,salePrice,availability,supplier) VALUES (672,'Stride Shift',3,55.82,29.67,0,61);
INSERT INTO products(id,productName,category,fullPrice,salePrice,availability,supplier) VALUES (673,'Biscos',3,48.88,67.42,1,61);
INSERT INTO products(id,productName,category,fullPrice,salePrice,availability,supplier) VALUES (674,'Tang',3,37.85,53.66,0,61);
INSERT INTO products(id,productName,category,fullPrice,salePrice,availability,supplier) VALUES (675,'Temp Tee',3,91.89,73.02,1,61);
INSERT INTO products(id,productName,category,fullPrice,salePrice,availability,supplier) VALUES (676,'Bassett''s',3,89.68,66.45,0,61);
INSERT INTO products(id,productName,category,fullPrice,salePrice,availability,supplier) VALUES (677,'Mallomars',3,90.73,84.73,1,61);
INSERT INTO products(id,productName,category,fullPrice,salePrice,availability,supplier) VALUES (678,'Dream Whip',3,55.87,85.81,0,61);
INSERT INTO products(id,productName,category,fullPrice,salePrice,availability,supplier) VALUES (679,'Caramels',3,44.32,7.36,1,61);
INSERT INTO products(id,productName,category,fullPrice,salePrice,availability,supplier) VALUES (680,'Certo',3,31.63,16.29,0,61);
INSERT INTO products(id,productName,category,fullPrice,salePrice,availability,supplier) VALUES (681,'Mousse Temptations',3,18.39,58.11,0,61);
INSERT INTO products(id,productName,category,fullPrice,salePrice,availability,supplier) VALUES (682,'Calumet',3,70.94,92.91,0,61);
INSERT INTO products(id,productName,category,fullPrice,salePrice,availability,supplier) VALUES (683,'Cheez Whiz',3,98.65,1.66,0,61);



INSERT INTO categories(CategoryID,CategoryName) VALUES (1,'Baby');
INSERT INTO categories(CategoryID,CategoryName) VALUES (2,'Beauty');
INSERT INTO categories(CategoryID,CategoryName) VALUES (3,'Food');
INSERT INTO categories(CategoryID,CategoryName) VALUES (4,'Garden');
INSERT INTO categories(CategoryID,CategoryName) VALUES (5,'Health');
INSERT INTO categories(CategoryID,CategoryName) VALUES (6,'Household');
INSERT INTO categories(CategoryID,CategoryName) VALUES (7,'International');
INSERT INTO categories(CategoryID,CategoryName) VALUES (8,'Pet');
INSERT INTO categories(CategoryID,CategoryName) VALUES (9,'Toys');
INSERT INTO categories(CategoryID,CategoryName) VALUES (10,'Wine & Beer');



INSERT INTO suppliers(SupplierID,SupplierName) VALUES (1,'3M');
INSERT INTO suppliers(SupplierID,SupplierName) VALUES (2,'Abbott Medical Optics, Inc.');
INSERT INTO suppliers(SupplierID,SupplierName) VALUES (3,'Abbott Nutrition');
INSERT INTO suppliers(SupplierID,SupplierName) VALUES (4,'ACH Food Companies');
INSERT INTO suppliers(SupplierID,SupplierName) VALUES (5,'Acme Smoked Fish Corp.');
INSERT INTO suppliers(SupplierID,SupplierName) VALUES (6,'Adria Imports Inc');
INSERT INTO suppliers(SupplierID,SupplierName) VALUES (7,'Advanced Beauty Systems, Inc.');
INSERT INTO suppliers(SupplierID,SupplierName) VALUES (8,'Ahold USA, Inc.');
INSERT INTO suppliers(SupplierID,SupplierName) VALUES (9,'Aidells Sausage Co.');
INSERT INTO suppliers(SupplierID,SupplierName) VALUES (10,'Alberto-Culver USA, Inc.');
INSERT INTO suppliers(SupplierID,SupplierName) VALUES (11,'Alcon');
INSERT INTO suppliers(SupplierID,SupplierName) VALUES (12,'B&G Foods');
INSERT INTO suppliers(SupplierID,SupplierName) VALUES (13,'Bausch & Lomb Pharmaceuticals, Inc.');
INSERT INTO suppliers(SupplierID,SupplierName) VALUES (14,'Bausch + Lomb');
INSERT INTO suppliers(SupplierID,SupplierName) VALUES (15,'Bayer HealthCare Consumer Care');
INSERT INTO suppliers(SupplierID,SupplierName) VALUES (16,'Bendon Publishing International');
INSERT INTO suppliers(SupplierID,SupplierName) VALUES (17,'BIC USA Inc.');
INSERT INTO suppliers(SupplierID,SupplierName) VALUES (18,'Bimbo Bakeries USA, Inc.');
INSERT INTO suppliers(SupplierID,SupplierName) VALUES (19,'C.H. Guenther & Son, Inc.');
INSERT INTO suppliers(SupplierID,SupplierName) VALUES (20,'Campbell Soup Company');
INSERT INTO suppliers(SupplierID,SupplierName) VALUES (21,'CCA Industries Inc.');
INSERT INTO suppliers(SupplierID,SupplierName) VALUES (22,'Chattem, Inc.');
INSERT INTO suppliers(SupplierID,SupplierName) VALUES (23,'Church & Dwight Co., Inc.');
INSERT INTO suppliers(SupplierID,SupplierName) VALUES (24,'Colgate-Palmolive Company');
INSERT INTO suppliers(SupplierID,SupplierName) VALUES (25,'ConAgra Foods Inc.');
INSERT INTO suppliers(SupplierID,SupplierName) VALUES (26,'Cumberland Packing Corp.');
INSERT INTO suppliers(SupplierID,SupplierName) VALUES (27,'Daniele, Inc.');
INSERT INTO suppliers(SupplierID,SupplierName) VALUES (28,'DCI Cheese Company, Inc.');
INSERT INTO suppliers(SupplierID,SupplierName) VALUES (29,'Dean Foods Company');
INSERT INTO suppliers(SupplierID,SupplierName) VALUES (30,'Del Monte Pet suppliers');
INSERT INTO suppliers(SupplierID,SupplierName) VALUES (31,'Diamond Foods, Inc.');
INSERT INTO suppliers(SupplierID,SupplierName) VALUES (32,'Dr. Pepper Snapple Group');
INSERT INTO suppliers(SupplierID,SupplierName) VALUES (33,'Dr. Pepper/Seven Up, Inc.');
INSERT INTO suppliers(SupplierID,SupplierName) VALUES (34,'Ducere Pharma');
INSERT INTO suppliers(SupplierID,SupplierName) VALUES (35,'E&J Gallo Winery');
INSERT INTO suppliers(SupplierID,SupplierName) VALUES (36,'Eastland Food Corporation, Inc.');
INSERT INTO suppliers(SupplierID,SupplierName) VALUES (37,'Edward & Sons Trading');
INSERT INTO suppliers(SupplierID,SupplierName) VALUES (38,'Elmer''s suppliers, Inc.');
INSERT INTO suppliers(SupplierID,SupplierName) VALUES (39,'Energizer Personal Care');
INSERT INTO suppliers(SupplierID,SupplierName) VALUES (40,'F.M. Brown''s Sons Inc.');
INSERT INTO suppliers(SupplierID,SupplierName) VALUES (41,'Farley''s & Sathers Candy Company, Inc.');
INSERT INTO suppliers(SupplierID,SupplierName) VALUES (42,'Ferrero U.S.A., Incorporated');
INSERT INTO suppliers(SupplierID,SupplierName) VALUES (43,'Freeman Cosmetics');
INSERT INTO suppliers(SupplierID,SupplierName) VALUES (44,'Frito-Lay, Inc.');
INSERT INTO suppliers(SupplierID,SupplierName) VALUES (45,'Funko, LLC');
INSERT INTO suppliers(SupplierID,SupplierName) VALUES (46,'Garnier Inc.');
INSERT INTO suppliers(SupplierID,SupplierName) VALUES (47,'General Mills, Inc.');
INSERT INTO suppliers(SupplierID,SupplierName) VALUES (48,'Glaxosmithkline Consumer Healthcare, Lp.');
INSERT INTO suppliers(SupplierID,SupplierName) VALUES (49,'Green Mountain Coffee, Inc.');
INSERT INTO suppliers(SupplierID,SupplierName) VALUES (50,'H.J. Heinz Company');
INSERT INTO suppliers(SupplierID,SupplierName) VALUES (51,'Hanesbrands Inc');
INSERT INTO suppliers(SupplierID,SupplierName) VALUES (52,'Hasbro');
INSERT INTO suppliers(SupplierID,SupplierName) VALUES (53,'Hormel Foods Corporation');
INSERT INTO suppliers(SupplierID,SupplierName) VALUES (54,'i-Health, Inc.');
INSERT INTO suppliers(SupplierID,SupplierName) VALUES (55,'Imperial Toy Corporation');
INSERT INTO suppliers(SupplierID,SupplierName) VALUES (56,'JFC International Inc.');
INSERT INTO suppliers(SupplierID,SupplierName) VALUES (57,'Johnson & Johnson');
INSERT INTO suppliers(SupplierID,SupplierName) VALUES (58,'Kashi International Corporation');
INSERT INTO suppliers(SupplierID,SupplierName) VALUES (59,'Kellogg Company');
INSERT INTO suppliers(SupplierID,SupplierName) VALUES (60,'Kimberly-Clark Global Sales, LLC.');
INSERT INTO suppliers(SupplierID,SupplierName) VALUES (61,'Kraft Foods, Inc.');
